"location","source","target","id","fuzzy","context","translator_comments","developer_comments"
"Scripts/content/Story/MISSIONS/DIA_SLD_709_Cord.d:31","Ich will besser mit Einhandwaffen umgehen können.","Chciałbym nauczyć się walki jednoręcznym orężem.","","False","SLD_709_Cord_TRAINOFFER.description","",""
"Scripts/content/Story/MISSIONS/DIA_SLD_709_Cord.d:44","Ich will besser mit Einhandwaffen umgehen können.","Chciałbym nauczyć się walki jednoręcznym orężem.","","False","SLD_709_Cord_TRAINOFFER_Info_15_01","",""
"Scripts/content/Story/MISSIONS/DIA_SLD_709_Cord.d:45","Natürlich. Kostet aber 'ne Kleinigkeit. 30 Erz will ich sehen.","Nie ma sprawy. Ale to cię będzie kosztowało 30 bryłek rudy. Może być?","","","SLD_709_Cord_TRAINOFFER_Info_14_02","",""
"Scripts/content/Story/MISSIONS/DIA_SLD_709_Cord.d:75","Ich will besser mit Einhandwaffen umgehen können.","Chciałbym nauczyć się walki jednoręcznym orężem.","","False","SLD_709_Cord_TRAIN_Info_15_00","",""
"Scripts/content/Story/MISSIONS/DIA_SLD_709_Cord.d:81","Gute Entscheidung! Um deine Technik zu verbessern, musst du erst einmal lernen, deine Waffe richtig zu halten.","Mądra decyzja. Jednak zanim poznasz bardziej zaawansowane techniki, powinieneś nauczyć się prawidłowo trzymać oręż w ręku.","","","SLD_709_Cord_TRAIN_14_01","",""
"Scripts/content/Story/MISSIONS/DIA_SLD_709_Cord.d:82","Anfänger neigen dazu, Einhandwaffen mit beiden Händen zu halten. Mit so was fängst du am besten gar nicht erst an, das behindert dich nur.","Początkujący często łapią zwykły miecz obydwoma rękami. Radziłbym ci się do tego nie przyzwyczajać, to fatalny nawyk.","","False","SLD_709_Cord_TRAIN_14_02","",""
"Scripts/content/Story/MISSIONS/DIA_SLD_709_Cord.d:83","Halt die Waffe mit einer Hand, Klinge nach oben, und dann immer schön schwingen lassen.","Trzymaj broń jedną ręką, ostrzem do góry, i zacznij nią machać.","","False","SLD_709_Cord_TRAIN_14_03","",""
"Scripts/content/Story/MISSIONS/DIA_SLD_709_Cord.d:84","Du musst lernen, den Schwung deiner Waffe mit deinen Bewegungen in Einklang zu bringen, dann kannst du schneller zuschlagen.","Musisz się nauczyć, jak zgrać twoje ruchy z bezwładnością oręża. Dzięki temu twoje ataki będą szybsze i bardziej zaskakujące.","","False","SLD_709_Cord_TRAIN_14_04","",""
"Scripts/content/Story/MISSIONS/DIA_SLD_709_Cord.d:85","Wenn du dich an meine Anweisungen hältst, wirst du in Zukunft eleganter und vor allem schneller kämpfen.","Zapamiętaj sobie dobrze, co ci powiedziałem, a twój styl walki stanie się o wiele bardziej elegancki i skuteczny.","","False","SLD_709_Cord_TRAIN_14_05","",""
"Scripts/content/Story/MISSIONS/DIA_SLD_709_Cord.d:87","Ach, und noch was: Manche Treffer richten mehr Schaden an als andere! Als Anfänger hast du nur eine geringe Chance, solche kritischen Treffer zu landen.","A, i jeszcze coś! Niektóre ciosy powodują większe obrażenia niż zwykle. Oczywiście, jako początkujący masz raczej niewielkie szanse na zadanie krytycznego uderzenia.","","False","SLD_709_Cord_TRAIN_14_06","",""
"Scripts/content/Story/MISSIONS/DIA_SLD_709_Cord.d:88","Aber je weiter du fortschreitest, desto besser wird diese Fähigkeit.","Ale to się zmieni w miarę czynienia przez ciebie postępów.","","False","SLD_709_Cord_TRAIN_14_07","",""
"Scripts/content/Story/MISSIONS/DIA_SLD_709_Cord.d:123","Zeig mir, wie ich im Umgang mit Waffen noch besser werden kann.","Naucz mnie, jak sprawniej posługiwać się jednoręczną bronią.","","False","SLD_709_Cord_TRAINAGAIN_Info_15_01","",""
"Scripts/content/Story/MISSIONS/DIA_SLD_709_Cord.d:129","Na gut, die Grundkenntnisse hast du ja schon. Wenn du die Waffe gesenkt hältst, dann kannst du direkt mehr Wucht in deinen ersten Schlag legen.","Dobrze, podstawy już znasz. Nieznaczne opuszczenie broni zwiększy siłę twojego pierwszego ciosu.","","","SLD_709_Cord_TRAINAGAIN_Info_14_02","",""
"Scripts/content/Story/MISSIONS/DIA_SLD_709_Cord.d:130","Nutze den Schwung, weißt du noch? Gut, der nächste Schritt ist, dass du deinen Körper mehr einsetzt. Wenn du zweimal geschlagen hast, drehe dich um die eigene Achse, damit überrascht du den Gegner und bist in einer optimalen Position.","Musisz wykorzystać siłę bezwładności, pamiętasz? Świetnie. Teraz nauczysz się lepiej balansować ciałem. Po zadaniu dwóch ciosów wykonaj obrót. To powinno zmylić twojego przeciwnika i pozwolić ci wyjść na dobrą pozycję do następnego ataku.","","False","SLD_709_Cord_TRAINAGAIN_Info_14_03","",""
"Scripts/content/Story/MISSIONS/DIA_SLD_709_Cord.d:131","Dann ziehst du deine Klinge noch einmal quer von rechts nach links.","Wtedy wyprowadź następne cięcie z prawej strony...","","False","SLD_709_Cord_TRAINAGAIN_Info_14_04","",""
"Scripts/content/Story/MISSIONS/DIA_SLD_709_Cord.d:133","Und wieder von vorne. Vergiss nicht, Übung macht den Meister. Also, geh jetzt und werde ein wahrer Meister des einhändigen Kampfes.","I znowu do przodu. Pamiętaj - trening czyni mistrza, więc najlepiej weź się od razu do roboty!","","","SLD_709_Cord_TRAINAGAIN_Info_14_05","",""
"Scripts/content/Story/MISSIONS/DIA_Sld_700_Lee.d:33","Du bist der Chef der Söldner, richtig?","Jesteś szefem najemników, tak?","","False","Sld_700_Lee_Greet.description","",""
"Scripts/content/Story/MISSIONS/DIA_Sld_700_Lee.d:43","Du bist der Chef der Söldner, richtig?","Jesteś szefem najemników, tak?","","False","DIA_Lee_Greet_15_00","",""
"Scripts/content/Story/MISSIONS/DIA_Sld_700_Lee.d:44","Das ist richtig, mein Junge!","Zgadza się, chłopcze!","","False","DIA_Lee_Greet_08_01","",""
"Scripts/content/Story/MISSIONS/DIA_Sld_700_Lee.d:56","Was sind die Aufgaben eines Söldners der Magier?","Czym zajmuje się najemnik w służbie magów?","","","Sld_700_Lee_Define.description","",""
"Scripts/content/Story/MISSIONS/DIA_Sld_700_Lee.d:69","Was sind die Aufgaben eines Söldners der Magier?","Czym zajmuje się najemnik w służbie magów?","","","DIA_Lee_Define_15_00","",""
"Scripts/content/Story/MISSIONS/DIA_Sld_700_Lee.d:70","Ganz einfach: Beschütze das Erz - beschütze die Magier.","To proste: pilnuje rudy i broni magów.","","","DIA_Lee_Define_08_01","",""
"Scripts/content/Story/MISSIONS/DIA_Sld_700_Lee.d:71","Manchmal haben die Magier aber auch eine besondere Aufgabe für einen von uns.","Od czasu do czasu magowie zlecają nam jakieś zadania specjalne.","","False","DIA_Lee_Define_08_02","",""
"Scripts/content/Story/MISSIONS/DIA_Sld_700_Lee.d:83","Ich will bei euch mitmachen!","Chciałbym do was dołączyć!","","False","Sld_700_Lee_Mitmachen.description","",""
"Scripts/content/Story/MISSIONS/DIA_Sld_700_Lee.d:98","Ich will bei euch mitmachen!","Chciałbym do was dołączyć!","","False","DIA_Lee_Mitmachen_15_00","",""
"Scripts/content/Story/MISSIONS/DIA_Sld_700_Lee.d:99","Du hast Nerven! Denkst du, ich nehme direkt jeden, der hier reinkommt?","Odbiło ci? Myślisz, że przyjmuję każdego włóczęgę, który się do mnie zgłosi?","","False","DIA_Lee_Mitmachen_08_01","",""
"Scripts/content/Story/MISSIONS/DIA_Sld_700_Lee.d:100","Erst wenn du einige Zeit hier im Lager bist, kannst du einer von uns werden. Ich werde dich beobachten!","Musisz najpierw spędzić trochę czasu w naszym obozie. Będę cię miał na oku! Zobaczymy, na co cię stać.","","","DIA_Lee_Mitmachen_08_02","",""
"Scripts/content/Story/MISSIONS/DIA_Sld_700_Lee.d:115","Ich will ein Söldner der Magier werden - bin ich jetzt soweit?","Chciałbym zostać najemnikiem w służbie magów. Myślisz, że jestem już gotów?","","False","Sld_700_Lee_NowReady.description","",""
"Scripts/content/Story/MISSIONS/DIA_Sld_700_Lee.d:129","Ich will ein Söldner der Magier werden - bin ich jetzt soweit?","Chciałbym zostać najemnikiem w służbie magów. Myślisz, że jestem już gotów?","","False","DIA_Lee_NowReady_15_00","",""
"Scripts/content/Story/MISSIONS/DIA_Sld_700_Lee.d:133","Deine Taten für die Bruderschaft in der Alten Mine haben gezeigt, das du einiges drauf hast.","Twoje dokonania w Starej Kopalni dowodzą, że stać cię na wiele.","","","Sld_700_Lee_BECOMESLD_Info_08_01","",""
"Scripts/content/Story/MISSIONS/DIA_Sld_700_Lee.d:134","Ich wäre bereit, dich in die Reihen der Söldner aufzunehmen.","Jestem skłonny przyjąć cię w poczet Najemników.","","","Sld_700_Lee_BECOMESLD_Info_08_02","",""
"Scripts/content/Story/MISSIONS/DIA_Sld_700_Lee.d:138","Aber du bist noch nicht bereit für die Söldner. Sammle erst noch mehr Erfahrung, dann bist du dabei.","Ale nie jesteś gotowy do służby w naszych szeregach. Musisz zdobyć jeszcze trochę doświadczenia.","","","Sld_700_Lee_BECOMESLD_Info_08_03","",""
"Scripts/content/Story/MISSIONS/DIA_Sld_700_Lee.d:144","Ich gebe dir eine Chance. Wie siehts aus?","Dam ci szansę. Co ty na to?","","","Sld_700_Lee_BECOMESLD_Info_08_04","",""
"Scripts/content/Story/MISSIONS/DIA_Sld_700_Lee.d:152","Dir fehlt es noch an Erfahrung. Du mußt deine Fähigkeiten noch steigern.","Nadal nie jesteś dość doświadczony. Musisz się jeszcze wiele nauczyć.","","","DIA_Lee_NowReady_08_01","",""
"Scripts/content/Story/MISSIONS/DIA_Sld_700_Lee.d:172","Ich will Söldner werden","Chcę zostać Najemnikiem.","","","Sld_700_Lee_BECOMESLDNOW.description","",""
"Scripts/content/Story/MISSIONS/DIA_Sld_700_Lee.d:186","Ich will Söldner werden.","Chcę zostać Najemnikiem.","","","Sld_700_Lee_BECOMESLDNOW_Info_15_01","",""
"Scripts/content/Story/MISSIONS/DIA_Sld_700_Lee.d:187","Eine gute Entscheidung. Du wirst sie nicht bereuen.","Mądra decyzja. Nie pożałujesz.","","","Sld_700_Lee_BECOMESLDNOW_Info_08_02","",""
"Scripts/content/Story/MISSIONS/DIA_Sld_700_Lee.d:188","Sag mir eins, warum? Warum hast du dich uns angeschlossen und nicht dem Alten Lager oder der Bruderschaft?","Powiedz mi: dlaczego? Dlaczego dołączyłeś do nas, a nie do Bractwa, albo do Starego Obozu?","","","Sld_700_Lee_BECOMESLDNOW_Info_08_03","",""
"Scripts/content/Story/MISSIONS/DIA_Sld_700_Lee.d:194","Die anderen Lager sind es nicht wert","W tamtych obozach tylko traciłbym czas.","","","Sld_700_Lee_BECOMESLDNOW.Sld_700_Lee_BECOMESLDNOW_NOOTHER","Info_AddChoice",""
"Scripts/content/Story/MISSIONS/DIA_Sld_700_Lee.d:195","Ich wollte von Anfang an die Freiheit","Od początku myślałem tylko o odzyskaniu wolności.","","","Sld_700_Lee_BECOMESLDNOW.Sld_700_Lee_BECOMESLDNOW_FREEDOM","Info_AddChoice",""
"Scripts/content/Story/MISSIONS/DIA_Sld_700_Lee.d:196","Es hat sich einfach so ergeben","Tak się jakoś złożyło.","","","Sld_700_Lee_BECOMESLDNOW.Sld_700_Lee_BECOMESLDNOW_JUSTBECAUSE","Info_AddChoice",""
"Scripts/content/Story/MISSIONS/DIA_Sld_700_Lee.d:201","Die anderen Lager sind es nicht wert.","W tamtych obozach tylko traciłbym czas.","","","Sld_700_Lee_BECOMESLDNOW_NOOTHER_15_01","",""
"Scripts/content/Story/MISSIONS/DIA_Sld_700_Lee.d:202","Das einzige, was hier drin etwas wert ist, ist die Hoffnung auf Freiheit. Willkommen, SÖLDNER!","Jedyna rzecz, która ma tutaj jakąś prawdziwą wartość to pragnienie wolności. Witaj wśród nas, NAJEMNIKU!","","","Sld_700_Lee_BECOMESLDNOW_NOOTHER_08_02","",""
"Scripts/content/Story/MISSIONS/DIA_Sld_700_Lee.d:213","Ich wollte von Anfang an die Freiheit.","Od początku myślałem tylko o odzyskaniu wolności.","","","Sld_700_Lee_BECOMESLDNOW_FREEDOM_15_01","",""
"Scripts/content/Story/MISSIONS/DIA_Sld_700_Lee.d:214","Wir werden uns unsere Freiheit zurückholen. Willkommen, SÖLDNER.","I dzięki nam wkrótce ją odzyskasz. Witaj wśród nas, NAJEMNIKU!","","","Sld_700_Lee_BECOMESLDNOW_FREEDOM_08_02","",""
"Scripts/content/Story/MISSIONS/DIA_Sld_700_Lee.d:225","Es hat sich einfach so ergeben.","Tak się jakoś złożyło.","","","Sld_700_Lee_BECOMESLDNOW_JUSTBECAUSE_15_01","",""
"Scripts/content/Story/MISSIONS/DIA_Sld_700_Lee.d:226","Hauptsache, es ergibt sich nicht, dass uns die Barriere für immer hier drin gefangen hält. Willkommen, SÖLDNER.","Żeby się tylko nie złożyło, że kiedyś nagle zmienisz zdanie. Witaj wśród nas, NAJEMNIKU!","","","Sld_700_Lee_BECOMESLDNOW_JUSTBECAUSE_08_02","",""
"Scripts/content/Story/MISSIONS/DIA_Sld_700_Lee.d:265","Einst führte ich ein anderes Leben.","Kiedyś wiodłem całkiem inne życie.","","","Sld_700_Lee_DAMNPAST_Info_08_01","",""
"Scripts/content/Story/MISSIONS/DIA_Sld_700_Lee.d:266","Ich zählte zu den besten Generälen dieses Landes.","Byłem jednym z najlepszych generałów tego królestwa.","","","Sld_700_Lee_DAMNPAST_Info_08_02","",""
"Scripts/content/Story/MISSIONS/DIA_Sld_700_Lee.d:267","Ich habe mein ganzes Leben lang für dieses Land gekämpft.","Całe życie spędziłem broniąc ojczyzny przed wrogiem.","","","Sld_700_Lee_DAMNPAST_Info_08_03","",""
"Scripts/content/Story/MISSIONS/DIA_Sld_700_Lee.d:268","Den Adeligen war ich ein Dorn im Auge, denn der König hörte auf meinen Rat. Und sie sahen ihre schmutzigen Geschäfte in Gefahr.","Ale szlachta patrzyła na mnie niechętnie, bo król wysoko cenił sobie moje rady. Te łotry wiedziały, że mogę pokrzyżować ich plany.","","","Sld_700_Lee_DAMNPAST_Info_08_04","",""
"Scripts/content/Story/MISSIONS/DIA_Sld_700_Lee.d:269","Ich habe nicht mit ihrer Hinterhältigkeit gerechnet. Sie haben des Königs Frau benutzt, um mich zu kriegen.","Byłem zbyt pewny siebie i nie zauważyłem sideł, które na mnie zastawili. Aby mnie usunąć posłużyli się królewską żoną.","","","Sld_700_Lee_DAMNPAST_Info_08_05","",""
"Scripts/content/Story/MISSIONS/DIA_Sld_700_Lee.d:270","Der sinnlose Mord an ihr wurde mir angehängt. König Rhobar blieb keine Wahl.","Posądzono mnie o jej zamordowanie. Rhobar nie miał innego wyboru.","","","Sld_700_Lee_DAMNPAST_Info_08_06","",""
"Scripts/content/Story/MISSIONS/DIA_Sld_700_Lee.d:271","Meine Verdienste um das Land retteten mich vor dem Strick. Aber sie haben mir meine Freiheit genommen.","Od szubienicy uratowało mnie tylko wiele lat przykładnej służby. W ten sposób trafiłem tutaj.","","","Sld_700_Lee_DAMNPAST_Info_08_07","",""
"Scripts/content/Story/MISSIONS/DIA_Sld_700_Lee.d:272","Eines Tages werde ich wieder frei sein. Dann werde ich zurückkehren und ich werde Rache nehmen.","Ale pewnego dnia odzyskam wolność, a wtedy nadejdzie czas zemsty...","","","Sld_700_Lee_DAMNPAST_Info_08_08","",""
"Scripts/content/Story/MISSIONS/DIA_Sld_700_Lee.d:276","Ich werde mich rächen.","Zemszczę się!","","","Sld_700_Lee_DAMNPAST_Info_08_09","",""
"Scripts/content/Story/MISSIONS/DIA_Sld_700_Lee.d:296","Was sagst du zu der Sache mit der Mine?","Co myślisz o całej tej sprawie z kopalnią?","","","Sld_700_Lee_FMTaken.description","",""
"Scripts/content/Story/MISSIONS/DIA_Sld_700_Lee.d:309","Was sagst du zu der Sache mit der Mine?","Co myślisz o całej tej sprawie z kopalnią?","","","DIA_Lee_FMTaken_15_00","",""
"Scripts/content/Story/MISSIONS/DIA_Sld_700_Lee.d:313","Sie sind zu weit gegangen, dafür werden sie büßen.","Tym razem posunęli się za daleko. Jeszcze tego pożałują.","","","DIA_Lee_FMTaken_08_01","",""
"Scripts/content/Story/MISSIONS/DIA_Sld_700_Lee.d:317","Die Bedrohung dürfte beendet sein!","Myślę, że zagrożenie już minęło.","","","Info_Lee_now_freeminefree_15_01","",""
"Scripts/content/Story/MISSIONS/DIA_Sld_700_Lee.d:318","Du hast viel für unser Lager getan. Männer wie dich kann ich gebrauchen.","Nasz obóz wiele ci zawdzięcza. Przydałby mi się ktoś taki jak ty.","","","Sld_700_Lee_CHANGESIDE_Info_08_02","",""
"Scripts/content/Story/MISSIONS/DIA_Sld_700_Lee.d:323","Wir sehen uns.","Do zobaczenia!","","","Info_Exit_Info_15_01","",""
"Scripts/content/Story/MISSIONS/DIA_Sld_700_Lee.d:342","Das Alte Lager hat mich verbannt, ich möchte mich euch anschließen!","Wyrzucono mnie ze Starego Obozu. Chciałbym do was dołączyć.","","","Sld_700_Lee_CHANGESIDE.description","",""
"Scripts/content/Story/MISSIONS/DIA_Sld_700_Lee.d:355","Das Alte Lager hat mich verbannt, ich möchte mich euch anschließen!","Wyrzucono mnie ze Starego Obozu. Chciałbym do was dołączyć.","","","Sld_700_Lee_CHANGESIDE_Info_15_01","",""
"Scripts/content/Story/MISSIONS/DIA_Sld_700_Lee.d:357","Machen wir es kurz. Willkommen im Neuen Lager, SÖLDNER!","Przejdźmy od razu do rzeczy. Witaj w Nowym Obozie, Najemniku!","","","Sld_700_Lee_CHANGESIDE_Info_08_03","",""
"Scripts/content/Story/MISSIONS/DIA_Sld_700_Lee.d:358","Hier ist eine von unseren Rüstungen. Gut, dass du bei uns bist.","Weź tę zbroję. Dobrze, że mamy cię teraz po naszej stronie.","","","Sld_700_Lee_CHANGESIDE_Info_08_04","",""
"Scripts/content/Story/MISSIONS/DIA_Sld_700_Lee.d:387","Ich brauche eine bessere Rüstung","Przydałaby mi się lepsza zbroja.","","","Sld_700_Lee_ARMOR.description","",""
"Scripts/content/Story/MISSIONS/DIA_Sld_700_Lee.d:400","Ich brauche eine bessere Rüstung.","Przydałaby mi się lepsza zbroja.","","","Sld_700_Lee_ARMOR_Info_15_01","",""
"Scripts/content/Story/MISSIONS/DIA_Sld_700_Lee.d:401","Die Rüstungen musst du dir erst verdienen. Außerdem sind sie nicht ganz billig.","Najpierw musisz sobie na nią zasłużyć. Poza tym - taka rzecz nie jest tania.","","","Sld_700_Lee_ARMOR_Info_08_02","",""
"Scripts/content/Story/MISSIONS/DIA_Sld_700_Lee.d:416","Ich möchte die mittelschwere Rüstung haben.","Chciałbym dostać wzmocnioną zbroję.","","","Sld_700_Lee_ARMOR_M_Info_08_01","",""
"Scripts/content/Story/MISSIONS/DIA_Sld_700_Lee.d:419","Du bist noch nicht so weit, eine bessere Rüstung zu tragen. Komm wieder, wenn du erfahrener geworden bist.","Nie jesteś jeszcze dość doświadczony, żeby otrzymać nowy pancerz. Wróć, jak zdobędziesz trochę doświadczenia.","","","Sld_700_Lee_ARMOR_M_Info_08_02","",""
"Scripts/content/Story/MISSIONS/DIA_Sld_700_Lee.d:423","Ohne Erz gibt es auch keine Rüstung.","Bez rudy też nie masz co marzyć o nowej zbroi.","","","Sld_700_Lee_ARMOR_M_Info_08_03","",""
"Scripts/content/Story/MISSIONS/DIA_Sld_700_Lee.d:427","Diese Rüstung ist ein ordentliches Stück Arbeit. Sie wird deinen Körper gut schützen.","Ta zbroja to kawał solidnej roboty. Będzie ci dobrze służyć.","","","Sld_700_Lee_ARMOR_M_Info_08_04","",""
"Scripts/content/Story/MISSIONS/DIA_Sld_700_Lee.d:439","Gib mir die schwere Rüstung.","Chciałbym dostać ciężką zbroję.","","","Sld_700_Lee_ARMOR_H_Info_08_01","",""
"Scripts/content/Story/MISSIONS/DIA_Sld_700_Lee.d:442","Du bist noch nicht so weit, die schwere Rüstung zu tragen. Komm wieder, wenn du erfahrener geworden bist.","Nie jesteś jeszcze dość doświadczony, żeby otrzymać nowy pancerz. Wróć, jak zdobędziesz trochę doświadczenia.","","","Sld_700_Lee_ARMOR_H_Info_08_02","",""
"Scripts/content/Story/MISSIONS/DIA_Sld_700_Lee.d:446","Ohne Erz gibt es auch keine Rüstung.","Bez rudy też nie masz co marzyć o nowej zbroi.","","","Sld_700_Lee_ARMOR_H_Info_08_03","",""
"Scripts/content/Story/MISSIONS/DIA_Sld_700_Lee.d:450","Diese Rüstung ist das Beste, was du in der Barriere bekommen kannst. Und, glaub mir, sie ist das Erz wert.","Ten pancerz to prawdziwe dzieło sztuki. Lepszego nie znajdziesz po tej stronie bariery. Możesz mi wierzyć, wart jest każdej bryłki...","","","Sld_700_Lee_ARMOR_H_Info_08_04","",""
"Scripts/content/Story/MISSIONS/DIA_Sld_700_Lee.d:472","Kannst du mir was beibringen?","Możesz mnie czegoś nauczyć?","","","Sld_700_Lee_Teach.description","",""
"Scripts/content/Story/MISSIONS/DIA_Sld_700_Lee.d:485","Kannst du mir was beibringen?","Możesz mnie czegoś nauczyć?","","","Sld_700_Lee_Teach_15_00","",""
"Scripts/content/Story/MISSIONS/DIA_Sld_700_Lee.d:486","Ich kann dir helfen, stärker und geschickter zu werden.","Mogę ci pomóc zwiększyć twoją siłę i zręczność.","","","Sld_700_Lee_Teach_08_01","",""
"Scripts/content/Story/MISSIONS/DIA_Sld_700_Lee.d:571","Ich möchte den Umgang mit Zweihändern lernen.","Chcę się nauczyć posługiwać dwuręcznym mieczem.","","","Sld_700_Lee_ZWEIHAND1_Info_15_01","",""
"Scripts/content/Story/MISSIONS/DIA_Sld_700_Lee.d:575","Nun, dann gehen wir zuerst die Grundbegriffe durch.","W porządku. Najpierw omówimy podstawy.","","","Sld_700_Lee_ZWEIHAND1_Info_08_02","",""
"Scripts/content/Story/MISSIONS/DIA_Sld_700_Lee.d:576","Halte das Schwert waagerecht. Um den Gegner mit einer großen Waffe anzugreifen, brauchst du viel Schwung.","Wyciągnij miecz przed siebie. Aby zaatakować wroga tak ciężką bronią, musisz mocniej się zamachnąć.","","","Sld_700_Lee_ZWEIHAND1_Info_08_03","",""
"Scripts/content/Story/MISSIONS/DIA_Sld_700_Lee.d:577","Hole mit der Waffe aus und schlage am besten direkt von oben. Meistens reicht das aus, um den Gegner zu Boden zu strecken.","Unieś rękę i zdecydowanie opuść miecz. To powinno wystarczyć, żeby powalić przeciwnika na ziemię.","","","Sld_700_Lee_ZWEIHAND1_Info_08_04","",""
"Scripts/content/Story/MISSIONS/DIA_Sld_700_Lee.d:578","Nutze den Schwung, wenn die Waffe unten ist, um direkt wieder nach oben zu schlagen.","Wykorzystaj bezwładność broni, by unieść ją ponownie do góry.","","","Sld_700_Lee_ZWEIHAND1_Info_08_05","",""
"Scripts/content/Story/MISSIONS/DIA_Sld_700_Lee.d:579","Seitliche Schläge lassen sich ausgezeichnet mit einem Zweihänder koordinieren. Damit hältst du dir die Gegner vom Hals.","Dwuręczne miecze świetnie sprawdzają się przy zadawaniu ciosów z boku. W ten sposób możesz trzymać przeciwnika na dystans.","","","Sld_700_Lee_ZWEIHAND1_Info_08_06","",""
"Scripts/content/Story/MISSIONS/DIA_Sld_700_Lee.d:580","Das sollte erst einmal reichen. Übe das!","To ci powinno wystarczyć na początek. Potrenuj trochę.","","","Sld_700_Lee_ZWEIHAND1_Info_08_07","",""
"Scripts/content/Story/MISSIONS/DIA_Sld_700_Lee.d:613","Ich möchte mehr über den zweihändigen Kampf lernen.","Chciałbym się dowiedzieć czegoś więcej o walce dwuręcznym mieczem.","","","Sld_700_Lee_ZWEIHAND2_Info_15_01","",""
"Scripts/content/Story/MISSIONS/DIA_Sld_700_Lee.d:617","Ändere zunächst deine Grundhaltung. Halte das Schwert aufrecht, fasse den Griff mit beiden Händen und halte es seitlich am Körper.","Musisz się nauczyć płynnie przenosić swój środek ciężkości. Trzymaj miecz pionowo. Obie dłonie mocno zaciśnij na rękojeści i przesuń go nieco w bok.","","","Sld_700_Lee_ZWEIHAND2_Info_08_02","",""
"Scripts/content/Story/MISSIONS/DIA_Sld_700_Lee.d:618","Schlage schnell von oben und lass die Klinge über deine Schulter gleiten. Nun hast du die Möglichkeit, einen schnellen Schlag nach rechts zu machen.","Teraz uderz szybko od góry i pozwól klindze powędrować nad twoje ramię. Teraz możesz wyprowadzić szybkie cięcie na prawo.","","","Sld_700_Lee_ZWEIHAND2_Info_08_03","",""
"Scripts/content/Story/MISSIONS/DIA_Sld_700_Lee.d:619","Damit bietest du dem Gegner keine Chance, an dich ranzukommen.","Twój przeciwnik nie będzie miał okazji podejść bliżej.","","","Sld_700_Lee_ZWEIHAND2_Info_08_04","",""
"Scripts/content/Story/MISSIONS/DIA_Sld_700_Lee.d:620","Sonst schlage wieder von links oben nach vorne, um so den Gegner zurückzutreiben.","Albo spróbuj wyprowadzić z lewej strony cios do przodu, aby odrzucić rywala do tyłu.","","False","Sld_700_Lee_ZWEIHAND2_Info_08_05","",""
"Scripts/content/Story/MISSIONS/DIA_Sld_700_Lee.d:621","Eine schnelle Körperdrehung verleiht deinem nächsten Schlag die nötige Wucht, um den Gegner zu Boden zu zwingen.","Teraz obrót, żeby kolejny cios nabrał odpowiedniej mocy. Przy odrobinie szczęścia wróg nie przeżyje tego uderzenia.","","","Sld_700_Lee_ZWEIHAND2_Info_08_06","",""
"Scripts/content/Story/MISSIONS/DIA_Sld_700_Lee.d:622","Falls das nicht ausreichen sollte, dann nutze den übrigen Schwung, um die Klinge noch einmal tanzen zu lassen.","A jeśli i to nie wystarczy, wykorzystaj resztę siły zamachowej, by ponownie unieść miecz do góry.","","","Sld_700_Lee_ZWEIHAND2_Info_08_07","",""
"Scripts/content/Story/MISSIONS/DIA_Sld_700_Lee.d:623","Geh nach deinem Angriff in den Block und suche eine Lücke, damit du erneut zuschlagen kannst.","Po skończonym ataku wykonaj zasłonę i wypatruj luki w obronie przeciwnika.","","","Sld_700_Lee_ZWEIHAND2_Info_08_08","",""
"Scripts/content/Story/MISSIONS/DIA_Sld_700_Lee.d:624","Abwechslung in den Kampfbewegungen und Positionswechsel sind der Schlüssel zum Sieg.","Kluczem do sukcesu jest ciągła zmiana pozycji i umiejętne wykorzystanie bezwładności broni.","","","Sld_700_Lee_ZWEIHAND2_Info_08_09","",""
"Scripts/content/Story/MISSIONS/DIA_Sld_702_Soeldner.d:46","Du weißt, wo du hier hinkommst?","Wiesz dokąd leziesz?","","","DIA_Sld_702_First_04_00","",""
"Scripts/content/Story/MISSIONS/DIA_Sld_702_Soeldner.d:47","Wohin?","Nie, dokąd?","","","DIA_Sld_702_First_15_01","",""
"Scripts/content/Story/MISSIONS/DIA_Sld_702_Soeldner.d:48","Hier geht es zu Lee, unserem Anführer.","To droga do siedziby naszego przywódcy - Lee.","","","DIA_Sld_702_First_04_02","",""
"Scripts/content/Story/MISSIONS/DIA_Sld_702_Soeldner.d:61","Was muss ich machen, damit du mich zu Lee läßt?","Co muszę zrobić, żebyś pozwolił mi zobaczyć się z Lee?","","","DIA_Sld_702_PERM.description","",""
"Scripts/content/Story/MISSIONS/DIA_Sld_702_Soeldner.d:71","Was muss ich machen, damit du mich zu Lee läßt?","Co muszę zrobić, żebyś pozwolił mi zobaczyć się z Lee?","","","DIA_Sld_702_PERM_15_00","",""
"Scripts/content/Story/MISSIONS/DIA_Sld_702_Soeldner.d:72","Gar nichts!","Nic!","","","DIA_Sld_702_PERM_04_01","",""
"Scripts/content/Story/MISSIONS/DIA_Sld_702_Soeldner.d:73","Das hier ist nicht das alte Lager und Lee ist nicht Gomez!","Tu nie Stary Obóz, a Lee to nie Gomez!","","","DIA_Sld_702_PERM_04_02","",""
"Scripts/content/Story/MISSIONS/DIA_Sld_702_Soeldner.d:74","Er braucht keine Armee von Schergen, hinter denen er sich verstecken kann. Er kann sich selber verteidigen.","On nie musi chować się za plecami całej armii siepaczy. Sam potrafi o siebie zadbać.","","","DIA_Sld_702_PERM_04_03","",""
"Scripts/content/Story/MISSIONS/DIA_Sld_702_Soeldner.d:75","WIR sind nur hier, falls er uns braucht.","MY jesteśmy tu tylko na wypadek, gdyby nas potrzebował.","","","DIA_Sld_702_PERM_04_04","",""
"Scripts/content/Story/MISSIONS/DIA_Sld_723_GuardPassage.d:44","HALT! Niemand darf ohne Parole passieren!","STAĆ! Nikt nie przejdzie bez podania hasła.","","","Info_SLD_723_FirstWarn_11_01","",""
"Scripts/content/Story/MISSIONS/DIA_Sld_723_GuardPassage.d:52","Cronos hat mir die Erlaubnis gegeben!","Cronos udzielił mi pozwolenia!","","","Info_SLD_723_FirstWarn.Info_SLD_723_Parole_CRONOS","Info_AddChoice",""
"Scripts/content/Story/MISSIONS/DIA_Sld_723_GuardPassage.d:53","Keine Ahnung, hab' sie vergessen!","Cholera. Chyba zapomniałem...","","","Info_SLD_723_FirstWarn.Info_SLD_723_Parole_FORGOT","Info_AddChoice",""
"Scripts/content/Story/MISSIONS/DIA_Sld_723_GuardPassage.d:54","Die Parole lautet TERIANTROCH","Hasło brzmi TERIANTROCH.","","","Info_SLD_723_FirstWarn.Info_SLD_723_Parole_FALSE2","Info_AddChoice",""
"Scripts/content/Story/MISSIONS/DIA_Sld_723_GuardPassage.d:55","Die Parole lautet TETRIANDOCH","Hasło brzmi TETRIANDOCH.","","","Info_SLD_723_FirstWarn.Info_SLD_723_Parole_TRUE","Info_AddChoice",""
"Scripts/content/Story/MISSIONS/DIA_Sld_723_GuardPassage.d:56","Die Parole lautet TETRIDANOCH","Hasło brzmi TETRIDANOCH.","","","Info_SLD_723_FirstWarn.Info_SLD_723_Parole_FALSE1","Info_AddChoice",""
"Scripts/content/Story/MISSIONS/DIA_Sld_723_GuardPassage.d:66","Cronos hat mir die Erlaubnis gegeben!","Cronos udzielił mi pozwolenia!","","","Info_SLD_723_Parole_CRONOS_15_01","",""
"Scripts/content/Story/MISSIONS/DIA_Sld_723_GuardPassage.d:67","Wenn das so wäre, hätte er dir die Parole genannt. Verzieh dich, du Lügner!","W takim wypadku podałby ci również hasło. Zejdź mi z oczu, kłamco.","","","Info_SLD_723_Parole_CRONOS_11_02","",""
"Scripts/content/Story/MISSIONS/DIA_Sld_723_GuardPassage.d:73","Keine Ahnung, hab' sie vergessen!","Cholera. Chyba zapomniałem...","","","Info_SLD_723_Parole_FORGOT_15_01","",""
"Scripts/content/Story/MISSIONS/DIA_Sld_723_GuardPassage.d:74","Dann komm wieder, wenn sie dir eingefallen ist und stiehl mir nicht länger meine Zeit!","To wróć, jak tylko sobie przypomnisz i przestań zawracać mi głowę!","","","Info_SLD_723_Parole_FORGOT_11_02","",""
"Scripts/content/Story/MISSIONS/DIA_Sld_723_GuardPassage.d:80","Die Parole lautet TETRIDANOCH.","Hasło brzmi TETRIDANOCH.","","","Info_SLD_723_Parole_FALSE1_15_01","",""
"Scripts/content/Story/MISSIONS/DIA_Sld_723_GuardPassage.d:81","FALSCH!","BŁĄD!","","","Info_SLD_723_Parole_FALSE1_11_02","",""
"Scripts/content/Story/MISSIONS/DIA_Sld_723_GuardPassage.d:87","Die Parole lautet TERIANTROCH.","Hasło brzmi TERIANTROCH.","","","Info_SLD_723_Parole_FALSE2_15_01","",""
"Scripts/content/Story/MISSIONS/DIA_Sld_723_GuardPassage.d:88","FALSCH!","BŁĄD!","","","Info_SLD_723_Parole_FALSE2_11_02","",""
"Scripts/content/Story/MISSIONS/DIA_Sld_723_GuardPassage.d:94","Die Parole lautet TETRIANDOCH.","Hasło brzmi TETRIANDOCH.","","","Info_SLD_723_Parole_TRUE_15_01","",""
"Scripts/content/Story/MISSIONS/DIA_Sld_723_GuardPassage.d:95","Das stimmt! Du kannst passieren!","Zgadza się. Możesz przejść.","","","Info_SLD_723_Parole_TRUE_11_02","",""
"Scripts/content/Story/MISSIONS/DIA_Sld_723_GuardPassage.d:132","Ich sage es nicht noch einmal! KEINEN SCHRITT WEITER!","Nie będę się powtarzał. ANI KROKU DALEJ!","","","Info_SLD_723_LastWarn_11_01","",""
"Scripts/content/Story/MISSIONS/DIA_Sld_723_GuardPassage.d:187","(Parole sagen)","(podaj hasło)","","","Info_SLD_723_PAROLE.description","",""
"Scripts/content/Story/MISSIONS/DIA_Sld_723_GuardPassage.d:202","Cronos hat mir die Erlaubnis gegeben!","Cronos udzielił mi pozwolenia!","","","Info_SLD_723_PAROLE.Info_SLD_723_Parole_CRONOS","Info_AddChoice",""
"Scripts/content/Story/MISSIONS/DIA_Sld_723_GuardPassage.d:203","Keine Ahnung, hab' sie vergessen!","Cholera. Chyba zapomniałem...","","","Info_SLD_723_PAROLE.Info_SLD_723_Parole_FORGOT","Info_AddChoice",""
"Scripts/content/Story/MISSIONS/DIA_Sld_723_GuardPassage.d:204","Die Parole lautet TERIANTROCH","Hasło brzmi TERIANTROCH.","","","Info_SLD_723_PAROLE.Info_SLD_723_Parole_FALSE2","Info_AddChoice",""
"Scripts/content/Story/MISSIONS/DIA_Sld_723_GuardPassage.d:205","Die Parole lautet TETRIANDOCH","Hasło brzmi TETRIANDOCH.","","","Info_SLD_723_PAROLE.Info_SLD_723_Parole_TRUE","Info_AddChoice",""
"Scripts/content/Story/MISSIONS/DIA_Sld_723_GuardPassage.d:206","Die Parole lautet TETRIDANOCH","Hasło brzmi TETRIDANOCH.","","","Info_SLD_723_PAROLE.Info_SLD_723_Parole_FALSE1","Info_AddChoice",""
"Scripts/content/Story/MISSIONS/DIA_Sld_728_Jarvis.d:21","Pass auf deinen Rücken auf!","Uważaj na siebie!","","","DIA_Jarvis_EXIT_08_00","",""
"Scripts/content/Story/MISSIONS/DIA_Sld_728_Jarvis.d:44","Hast du vor, durch dies Tor zu gehen?","Chcesz przejść przez tę bramę?","","","DIA_Jarvis_First_08_00","",""
"Scripts/content/Story/MISSIONS/DIA_Sld_728_Jarvis.d:45","Willst du mich aufhalten?","A spróbujesz mnie powstrzymać?","","","DIA_Jarvis_First_15_01","",""
"Scripts/content/Story/MISSIONS/DIA_Sld_728_Jarvis.d:46","Nein, aber du solltest wissen, was dich erwartet. Es läuft hier nicht so wie im Alten Lager und erst recht nicht wie bei den Sektenspinnern!","Nie, ale powinieneś wiedzieć, co cię tam czeka. Nie jesteś w Starym Obozie, ani wśród tych nawiedzonych świrów!","","","DIA_Jarvis_First_08_02","",""
"Scripts/content/Story/MISSIONS/DIA_Sld_728_Jarvis.d:47","Und wie läuft es hier?","No i co mnie tam czeka?","","","DIA_Jarvis_First_15_03","",""
"Scripts/content/Story/MISSIONS/DIA_Sld_728_Jarvis.d:48","Es gibt hier keine Gardisten oder Templer, die auf dich aufpassen. Jeder ist sich selbst der Nächste, und die einzigen, die zusammenhalten, sind wir Söldner.","Tutaj nie ma Cieni ani Świątynnych Strażników, którzy wyciągną cię z kłopotów. W Nowym Obozie każdy musi radzić sobie sam. Tylko my - Najemnicy - trzymamy się razem.","","","DIA_Jarvis_First_08_04","",""
"Scripts/content/Story/MISSIONS/DIA_Sld_728_Jarvis.d:60","Was machen die Söldner?","Czym zajmują się Najemnicy?","","","DIA_Jarvis_SldInfo.description","",""
"Scripts/content/Story/MISSIONS/DIA_Sld_728_Jarvis.d:73","Was machen die Söldner?","Czym zajmują się Najemnicy?","","","DIA_Jarvis_SldInfo_15_00","",""
"Scripts/content/Story/MISSIONS/DIA_Sld_728_Jarvis.d:74","Wir - wir sind die Söldner der Wassermagier.","Jesteśmy żołnierzami w służbie Magów Wody.","","","DIA_Jarvis_SldInfo_08_01","",""
"Scripts/content/Story/MISSIONS/DIA_Sld_728_Jarvis.d:75","Unser Ziel ist es, hier auszubrechen. Wir arbeiten hart dafür und wir wollen uns hier keinen Lenz machen, wie die Lumpen aus dem Alten Lager, die sich nur auf den Schultern der Buddler ausruhen.","Naszym celem jest wyrwanie się z tej przeklętej kolonii. Musimy ciężko pracować, bo nie chcieliśmy iść na łatwiznę, jak Magnaci ze Starego Obozu, którzy żerują na niewolniczej pracy Kopaczy.","","","DIA_Jarvis_SldInfo_08_02","",""
"Scripts/content/Story/MISSIONS/DIA_Sld_728_Jarvis.d:76","Und wir alle folgen Lee. Er ist ein großer Mann. Nur er hält dieses verdammte Lager zusammen.","I wszyscy jesteśmy posłuszni Lee. To wspaniały człowiek. Tylko dzięki niemu ten cholerny obóz jeszcze się nie rozpadł.","","","DIA_Jarvis_SldInfo_08_03","",""
"Scripts/content/Story/MISSIONS/DIA_Sld_728_Jarvis.d:88","Was machen die Magier?","Co robią magowie?","","","DIA_Jarvis_Magier.description","",""
"Scripts/content/Story/MISSIONS/DIA_Sld_728_Jarvis.d:101","Was machen die Magier?","Co robią magowie?","","","DIA_Jarvis_Magier_15_00","",""
"Scripts/content/Story/MISSIONS/DIA_Sld_728_Jarvis.d:102","Sie erforschen die magischen Eigenschafen des Erzes, das unsere Schürfer aus der Mine holen.","Badają magiczne właściwości wydobywanej przez Krety rudy.","","","DIA_Jarvis_Magier_08_01","",""
"Scripts/content/Story/MISSIONS/DIA_Sld_728_Jarvis.d:103","Soweit ich das verstanden habe, wollen sie den ganzen verdammten Erzhaufen in die Luft jagen, um die Barriere wegzusprengen.","O ile się orientuję, zamierzają wysadzić w powietrze cały ten piekielny kopiec i zniszczyć Barierę.","","","DIA_Jarvis_Magier_08_02","",""
"Scripts/content/Story/MISSIONS/DIA_Sld_728_Jarvis.d:104","Klingt gefährlich.","To chyba niebezpiecznie.","","","DIA_Jarvis_Magier_15_03","",""
"Scripts/content/Story/MISSIONS/DIA_Sld_728_Jarvis.d:105","Sie sagen, wir sollen uns keine Sorgen machen.","Magowie twierdzą, że nie mamy się czego obawiać.","","","DIA_Jarvis_Magier_08_04","",""
"Scripts/content/Story/MISSIONS/DIA_Sld_728_Jarvis.d:117","Ihr habt einen riesigen Haufen Erz hier?","Macie tutaj wielką hałdę rudy?","","","DIA_Jarvis_Erzhaufen.description","",""
"Scripts/content/Story/MISSIONS/DIA_Sld_728_Jarvis.d:130","Ihr habt einen riesigen Haufen Erz hier?","Macie tutaj wielką hałdę rudy?","","","DIA_Jarvis_Erzhaufen_15_00","",""
"Scripts/content/Story/MISSIONS/DIA_Sld_728_Jarvis.d:131","Kann man wohl sagen. Wenn wir den mit der Außenwelt tauschen würden, würde uns der König seine Frau dafür verkaufen .","Aha, można tak powiedzieć. Za taką ilość rudy Rhobar sprzedałby własną żonę.","","","DIA_Jarvis_Erzhaufen_08_01","",""
"Scripts/content/Story/MISSIONS/DIA_Sld_728_Jarvis.d:132","Aber wir werden einen Dreck tun, dem alten Sack das Erz zu geben. Wir wollen hier RAUS!","Ale my mamy gdzieś tego starego pierdziela. Chcemy się stąd wydostać!","","","DIA_Jarvis_Erzhaufen_08_02","",""
"Scripts/content/Story/MISSIONS/DIA_Sld_728_Jarvis.d:144","Wo ist der Erzhaufen?","Gdzie jest ten kopiec?","","","DIA_Jarvis_WoHaufen.description","",""
"Scripts/content/Story/MISSIONS/DIA_Sld_728_Jarvis.d:157","Wo ist der Erzhaufen?","Gdzie jest ten kopiec?","","","DIA_Jarvis_WoHaufen_15_00","",""
"Scripts/content/Story/MISSIONS/DIA_Sld_728_Jarvis.d:158","Willst mal richtig viel Erz sehen, was? In der Mitte der Höhle ist ein Loch, da kippen sie alles rein.","Chcesz zobaczyć wielką górę rudy, co? Na środku jaskini jest dziura. Tam wszystko zrzucają.","","","DIA_Jarvis_WoHaufen_08_01","",""
"Scripts/content/Story/MISSIONS/DIA_Sld_728_Jarvis.d:159","Aber ran kommst du da nicht, das kann ich dir gleich sagen. Die Magier und unsere Leute bewachen das Erz Tag und Nacht.","Ale nie pozwolą ci się do niej zbliżyć, mówię ci. Magowie i nasi ludzie pilnują rudy dniem i nocą.","","","DIA_Jarvis_WoHaufen_08_02","",""
"Scripts/content/Story/MISSIONS/DIA_Sld_728_Jarvis.d:160","Ich war nur neugierig.","Pytałem z ciekawości.","","","DIA_Jarvis_WoHaufen_15_03","",""
"Scripts/content/Story/MISSIONS/DIA_Sld_728_Jarvis.d:172","Was ist mit dem Rest der Leute?","A co z innymi ludźmi?","","","DIA_Jarvis_Rest.description","",""
"Scripts/content/Story/MISSIONS/DIA_Sld_728_Jarvis.d:185","Was ist mit dem Rest der Leute?","A co z innymi ludźmi?","","","DIA_Jarvis_Rest_15_00","",""
"Scripts/content/Story/MISSIONS/DIA_Sld_728_Jarvis.d:186","Alles Banditen. Sie kümmern sich keinen Deut um das Lager. Ich würde sie nicht mal das Vortor bewachen lassen, wahrscheinlich wäre es sinnvoller, dort ein paar Bauern hinzustellen.","Szumowiny, bez wyjątku. Mają gdzieś ten Obóz. Już wolałbym, żeby byle zbieracze ryżu pilnowali bramy.","","","DIA_Jarvis_Rest_08_01","",""
"Scripts/content/Story/MISSIONS/DIA_Sld_728_Jarvis.d:199","Wie ist die Lage zur Zeit?","Co słychać w Obozie?","","","DIA_Jarvis_PERM.description","",""
"Scripts/content/Story/MISSIONS/DIA_Sld_728_Jarvis.d:212","Wie ist die Lage zur Zeit?","Co słychać w Obozie?","","","DIA_Jarvis_PERM_15_00","",""
"Scripts/content/Story/MISSIONS/DIA_Sld_728_Jarvis.d:213","Die Schürfer sammeln noch. Wenn sie genug Erz haben, jagen wir den Haufen in die Luft.","Krety nadal pracują. Kiedy uzbierają dość rudy, wysadzimy ją w powietrze.","","","DIA_Jarvis_PERM_08_01","",""
"Scripts/content/Story/MISSIONS/DIA_Sld_728_Jarvis.d:240","Hey, ich habe gehört, du hast die Crawler in der Mine ganz schön aufgemischt.","Hej, słyszałem, że nieźle dałeś popalić pełzaczom z kopalni!","","","Sld_728_Jarvis_AUFNAHMESOLDIER_Info_08_01","",""
"Scripts/content/Story/MISSIONS/DIA_Sld_728_Jarvis.d:241","Lee ist bestimmt bereit, dich als Söldner aufzunehmen. Sprich doch einfach mal mit ihm.","Lee pewnie zgodzi się przyjąć cię do Najemników. Powinieneś z nim pogadać.","","","Sld_728_Jarvis_AUFNAHMESOLDIER_Info_08_02","",""
"Scripts/content/Story/MISSIONS/DIA_Sld_729_Kharim.d:33","Ich bin neu hier. Wer bist du?","Jestem tu nowy. A ty kim jesteś?","","","Info_Kharim_What.description","",""
"Scripts/content/Story/MISSIONS/DIA_Sld_729_Kharim.d:43","Ich bin neu hier. Wer bist du?","Jestem tu nowy. A ty kim jesteś?","","","Info_Kharim_What_15_00","",""
"Scripts/content/Story/MISSIONS/DIA_Sld_729_Kharim.d:44","Ich bin Kharim! Du bist wohl wirklich gerade erst reingeworfen worden - sonst hättest du schon von mir gehört!","Jestem Kharim! Widzę, że trafiłeś tu niedawno, inaczej już byś o mnie usłyszał!","","","Info_Kharim_What_09_01","",""
"Scripts/content/Story/MISSIONS/DIA_Sld_729_Kharim.d:45","Ich bin der beste Kämpfer, den dieses dreckige Lager je gesehen hat.","Jestem najlepszym wojownikiem jakiego ten zawszony Obóz kiedykolwiek oglądał.","","","Info_Kharim_What_09_02","",""
"Scripts/content/Story/MISSIONS/DIA_Sld_729_Kharim.d:60","Ich fordere dich heraus! Lass es uns in der Arena austragen!","Wyzywam cię na pojedynek! Chodźmy na arenę!","","","Info_Kharim_Charge.description","",""
"Scripts/content/Story/MISSIONS/DIA_Sld_729_Kharim.d:73","Ich fordere dich heraus! Lass es uns in der Arena austragen!","Wyzywam cię na pojedynek! Chodźmy na arenę!","","","Info_Kharim_Charge_15_00","",""
"Scripts/content/Story/MISSIONS/DIA_Sld_729_Kharim.d:74","DU?! Ich fress' dich zum Frühstück, Kleiner!","TY?! Takich jak ty zjadam na śniadanie!","","","Info_Kharim_Charge_09_01","",""
"Scripts/content/Story/MISSIONS/DIA_Sld_729_Kharim.d:75","Tu dir selber einen Gefallen und mach, dass du wegkommst!","Dobrze ci radzę, chłoptasiu - SPADAJ STĄD!","","","Info_Kharim_Charge_09_02","",""
"Scripts/content/Story/MISSIONS/DIA_Sld_729_Kharim.d:78","Okay, okay, vergessen wir die Sache.","Dobra, spokojnie. Zapomnijmy o całej sprawie!","","","Info_Kharim_Charge.Info_Kharim_Charge_BACK","Info_AddChoice",""
"Scripts/content/Story/MISSIONS/DIA_Sld_729_Kharim.d:79","Damit du ungeschoren davonkommst, du feiges Schwein?!","Boisz się, że oberwiesz, tchórzu?!","","","Info_Kharim_Charge.Info_Kharim_Charge_Insult","Info_AddChoice",""
"Scripts/content/Story/MISSIONS/DIA_Sld_729_Kharim.d:84","Okay, okay, vergessen wir die Sache.","Dobra, spokojnie. Zapomnijmy o całej sprawie!","","","Info_Kharim_Charge_BACK_15_00","",""
"Scripts/content/Story/MISSIONS/DIA_Sld_729_Kharim.d:93","Damit du ungeschoren davonkommst, du feiges Schwein?!","Boisz się, że oberwiesz, tchórzu?!","","","Info_Kharim_Charge_Insult_15_00","",""
"Scripts/content/Story/MISSIONS/DIA_Sld_729_Kharim.d:94","Fällt dir nichts besseres ein, Kleiner?","Nie stać cię na nic lepszego, chłopcze?","","","Info_Kharim_Charge_Insult_09_01","",""
"Scripts/content/Story/MISSIONS/DIA_Sld_729_Kharim.d:97","Du bist doch nur hier, um Gomez in den Arsch zu kriechen!","Przyszedłeś tutaj tylko dlatego, żeby móc pocałować Gomeza w dupę!","","","Info_Kharim_Charge.Info_Kharim_Charge_Insult_GomezAss","Info_AddChoice",""
"Scripts/content/Story/MISSIONS/DIA_Sld_729_Kharim.d:98","Wie wär's mit: Deine Mutter treibt's mit Ziegen...","To może tak: Twój ojciec zabawiał się z owcami...","","","Info_Kharim_Charge.Info_Kharim_Charge_Insult_Goats","Info_AddChoice",""
"Scripts/content/Story/MISSIONS/DIA_Sld_729_Kharim.d:99","Nein, mir fällt nichts ein, das du begreifen würdest.","Nie przychodzi mi do głowy nic, co byłbyś w stanie zrozumieć.","","","Info_Kharim_Charge.Info_Kharim_Charge_Insult_Stupid","Info_AddChoice",""
"Scripts/content/Story/MISSIONS/DIA_Sld_729_Kharim.d:100","Deine dürren Ärmchen sind nichts gegen deine häßliche Visage.","Chciałem powiedzieć coś o twoich ramionach, ale zobaczyłem twoją mordę.","","","Info_Kharim_Charge.Info_Kharim_Charge_Insult_Face","Info_AddChoice",""
"Scripts/content/Story/MISSIONS/DIA_Sld_729_Kharim.d:108","Wie wär's mit: Deine Mutter treibt's mit Ziegen ...","To może tak: twój ojciec zabawiał się z owcami...","","","Info_Kharim_Charge_Insult_Goats_15_00","",""
"Scripts/content/Story/MISSIONS/DIA_Sld_729_Kharim.d:109","Das tut sie vermutlich wirklich ...","Cóż, były takie plotki...","","","Info_Kharim_Charge_Insult_Goats_09_01","",""
"Scripts/content/Story/MISSIONS/DIA_Sld_729_Kharim.d:114","Du bist doch nur hier, damit du mal 'ne Chance bekommst, Gomez in den Arsch zu kriechen!","Powiedzmy sobie szczerze: przyszedłeś tutaj tylko dlatego, żeby móc pocałować Gomeza w dupę!","","","Info_Kharim_Charge_Insult_GomezAss_15_00","",""
"Scripts/content/Story/MISSIONS/DIA_Sld_729_Kharim.d:115","WAS!?! Du Wurm! Du weißt gar nichts über uns! Das Neue Lager ist UNABHÄNGIG von dieser ganzen Scheiße!","CO!?! Ty gnido! Nie wiesz o czym mówisz! Nowy Obóz ma was gdzieś!","","","Info_Kharim_Charge_Insult_GomezAss_09_01","",""
"Scripts/content/Story/MISSIONS/DIA_Sld_729_Kharim.d:116","Und im Übrigen gibt es nur einen Grund, warum ich hier bin: Damit ich Klugscheißern wie dir das Hirn aus dem Schädel prügeln kann.","A poza tym jest tylko jeden powód, dla którego tutaj przyszedłem: zamierzam publicznie upokorzyć każdego mięczaka, który ośmieli się wyzwać mnie na pojedynek.","","","Info_Kharim_Charge_Insult_GomezAss_09_02","",""
"Scripts/content/Story/MISSIONS/DIA_Sld_729_Kharim.d:117","Es wird mir ein Vergnügen sein, das bei DIR zu tun! Dein Schicksal erwartet dich in der Arena!","Ale ciebie załatwię z wyjątkową przyjemnością! Czekam na ciebie na arenie!","","","Info_Kharim_Charge_Insult_GomezAss_09_03","",""
"Scripts/content/Story/MISSIONS/DIA_Sld_729_Kharim.d:129","Lass mal überlegen: Nein, mir fällt nichts ein, was du begreifen würdest.","Pomyślmy... Nie, nie przychodzi mi do głowy nic, co byłbyś w stanie zrozumieć.","","","Info_Kharim_Charge_Insult_Stupid_15_00","",""
"Scripts/content/Story/MISSIONS/DIA_Sld_729_Kharim.d:130","Vielleicht solltest du es auf einen Versuch ankommen lassen.","Może jednak powinieneś spróbować.","","","Info_Kharim_Charge_Insult_Stupid_09_01","",""
"Scripts/content/Story/MISSIONS/DIA_Sld_729_Kharim.d:135","Ich wollte zuerst was über deine dürren Ärmchen sagen, aber dann fiel mir deine hässliche Fesse auf.","Z początku chciałem powiedzieć coś o twoich wątłych ramionach, ale potem zobaczyłem twoją paskudną mordę.","","","Info_Kharim_Charge_Insult_Face_15_00","",""
"Scripts/content/Story/MISSIONS/DIA_Sld_729_Kharim.d:136","Ich denke, das ist deine letzte Chance, hier ENDLICH ZU VERSCHWINDEN!","To twoja ostatnia szansa, żeby odejść stąd o własnych siłach!","","","Info_Kharim_Charge_Insult_Face_09_01","",""
"Scripts/content/Story/MISSIONS/DIA_Sld_729_Kharim.d:163","Schmerzen sind eine Frage des Willens!","Ból to tylko kwestia siły woli!","","","Info_Kharim_InArena_09_00","",""
"Scripts/content/Story/MISSIONS/DIA_Sld_732_GuardPassage.d:44","HALT! Niemand darf ohne Parole passieren!","STAĆ! Nikt nie przejdzie bez podania hasła.","","","Info_SLD_732_FirstWarn_08_01","",""
"Scripts/content/Story/MISSIONS/DIA_Sld_732_GuardPassage.d:52","Cronos hat mir die Erlaubnis gegeben!","Cronos udzielił mi pozwolenia!","","","Info_SLD_732_FirstWarn.Info_SLD_732_Parole_CRONOS","Info_AddChoice",""
"Scripts/content/Story/MISSIONS/DIA_Sld_732_GuardPassage.d:53","Keine Ahnung, hab' sie vergessen!","Cholera. Chyba zapomniałem...","","","Info_SLD_732_FirstWarn.Info_SLD_732_Parole_FORGOT","Info_AddChoice",""
"Scripts/content/Story/MISSIONS/DIA_Sld_732_GuardPassage.d:54","Die Parole lautet TERIANTROCH","Hasło brzmi TERIANTROCH.","","","Info_SLD_732_FirstWarn.Info_SLD_732_Parole_FALSE2","Info_AddChoice",""
"Scripts/content/Story/MISSIONS/DIA_Sld_732_GuardPassage.d:55","Die Parole lautet TETRIANDOCH","Hasło brzmi TETRIANDOCH.","","","Info_SLD_732_FirstWarn.Info_SLD_732_Parole_TRUE","Info_AddChoice",""
"Scripts/content/Story/MISSIONS/DIA_Sld_732_GuardPassage.d:56","Die Parole lautet TETRIDANOCH","Hasło brzmi TETRIDANOCH.","","","Info_SLD_732_FirstWarn.Info_SLD_732_Parole_FALSE1","Info_AddChoice",""
"Scripts/content/Story/MISSIONS/DIA_Sld_732_GuardPassage.d:66","Cronos hat mir die Erlaubnis gegeben!","Cronos udzielił mi pozwolenia!","","","Info_SLD_732_Parole_CRONOS_15_01","",""
"Scripts/content/Story/MISSIONS/DIA_Sld_732_GuardPassage.d:67","Wenn das so wäre, hätte er dir die Parole genannt. Verzieh dich, du Lügner!","W takim wypadku podałby ci również hasło. Zejdź mi z oczu, kłamco.","","","Info_SLD_732_Parole_CRONOS_08_02","",""
"Scripts/content/Story/MISSIONS/DIA_Sld_732_GuardPassage.d:73","Keine Ahnung, hab' sie vergessen!","Cholera. Chyba zapomniałem...","","","Info_SLD_732_Parole_FORGOT_15_01","",""
"Scripts/content/Story/MISSIONS/DIA_Sld_732_GuardPassage.d:74","Dann komm wieder, wenn sie dir wieder eingefallen ist und stiehl mir nicht länger meine Zeit!","To wróć, jak tylko sobie przypomnisz i przestań zawracać mi głowę!","","","Info_SLD_732_Parole_FORGOT_08_02","",""
"Scripts/content/Story/MISSIONS/DIA_Sld_732_GuardPassage.d:80","Die Parole lautet TETRIDANOCH.","Hasło brzmi TETRIDANOCH.","","","Info_SLD_732_Parole_FALSE1_15_01","",""
"Scripts/content/Story/MISSIONS/DIA_Sld_732_GuardPassage.d:81","FALSCH!","BŁĄD!","","","Info_SLD_732_Parole_FALSE1_08_02","",""
"Scripts/content/Story/MISSIONS/DIA_Sld_732_GuardPassage.d:87","Die Parole lautet TERIANTROCH.","Hasło brzmi TERIANTROCH.","","","Info_SLD_732_Parole_FALSE2_15_01","",""
"Scripts/content/Story/MISSIONS/DIA_Sld_732_GuardPassage.d:88","FALSCH!","BŁĄD!","","","Info_SLD_732_Parole_FALSE2_08_02","",""
"Scripts/content/Story/MISSIONS/DIA_Sld_732_GuardPassage.d:94","Die Parole lautet TETRIANDOCH.","Hasło brzmi TETRIANDOCH.","","","Info_SLD_732_Parole_TRUE_15_01","",""
"Scripts/content/Story/MISSIONS/DIA_Sld_732_GuardPassage.d:95","Das stimmt! Du kannst passieren!","Zgadza się. Możesz przejść.","","","Info_SLD_732_Parole_TRUE_08_02","",""
"Scripts/content/Story/MISSIONS/DIA_Sld_732_GuardPassage.d:132","Ich sage es nicht noch einmal! KEINEN SCHRITT WEITER!","Nie będę się powtarzał. ANI KROKU DALEJ!","","","Info_SLD_732_LastWarn_08_01","",""
"Scripts/content/Story/MISSIONS/DIA_Sld_732_GuardPassage.d:187","(Parole sagen)","(podaj hasło)","","","Info_SLD_732_PAROLE.description","",""
"Scripts/content/Story/MISSIONS/DIA_Sld_732_GuardPassage.d:202","Cronos hat mir die Erlaubnis gegeben!","Cronos udzielił mi pozwolenia!","","","Info_SLD_732_PAROLE.Info_SLD_732_Parole_CRONOS","Info_AddChoice",""
"Scripts/content/Story/MISSIONS/DIA_Sld_732_GuardPassage.d:203","Keine Ahnung, hab' sie vergessen!","Cholera. Chyba zapomniałem...","","","Info_SLD_732_PAROLE.Info_SLD_732_Parole_FORGOT","Info_AddChoice",""
"Scripts/content/Story/MISSIONS/DIA_Sld_732_GuardPassage.d:204","Die Parole lautet TERIANTROCH","Hasło brzmi TERIANTROCH.","","","Info_SLD_732_PAROLE.Info_SLD_732_Parole_FALSE2","Info_AddChoice",""
"Scripts/content/Story/MISSIONS/DIA_Sld_732_GuardPassage.d:205","Die Parole lautet TETRIANDOCH","Hasło brzmi TETRIANDOCH.","","","Info_SLD_732_PAROLE.Info_SLD_732_Parole_TRUE","Info_AddChoice",""
"Scripts/content/Story/MISSIONS/DIA_Sld_732_GuardPassage.d:206","Die Parole lautet TETRIDANOCH","Hasło brzmi TETRIDANOCH.","","","Info_SLD_732_PAROLE.Info_SLD_732_Parole_FALSE1","Info_AddChoice",""
"Scripts/content/Story/MISSIONS/DIA_Sld_737_Torlof.d:33","Wer bist du?","Kim jesteś?","","","DIA_Torlof_Hallo.description","",""
"Scripts/content/Story/MISSIONS/DIA_Sld_737_Torlof.d:43","Wer bist du?","Kim jesteś?","","","DIA_Torlof_Hallo_15_00","",""
"Scripts/content/Story/MISSIONS/DIA_Sld_737_Torlof.d:44","Ich bin Torlof.","Nazywam się Torlof.","","","DIA_Torlof_Hallo_04_01","",""
"Scripts/content/Story/MISSIONS/DIA_Sld_737_Torlof.d:45","Hab als Maat auf einem der königlichen Kriegsschiffe bei ner Meuterei mitgemacht.","Brałem udział w buncie załogi na pokładzie królewskiego okrętu.","","","DIA_Torlof_Hallo_04_02","",""
"Scripts/content/Story/MISSIONS/DIA_Sld_737_Torlof.d:46","Kam nicht so gut an. Der größte Teil der Mannschaft war auf der Seite des Käptn's.","To chyba nie był najlepszy pomysł. Większa część załogi była po stronie kapitana.","","","DIA_Torlof_Hallo_04_03","",""
"Scripts/content/Story/MISSIONS/DIA_Sld_737_Torlof.d:47","Seitdem bin ich hier.","W ten sposób wylądowałem tutaj.","","","DIA_Torlof_Hallo_04_04","",""
"Scripts/content/Story/MISSIONS/DIA_Sld_737_Torlof.d:60","Ich will bei euch mitmachen.","Chciałbym do was dołączyć.","","","DIA_Torlof_Mitmachen.description","",""
"Scripts/content/Story/MISSIONS/DIA_Sld_737_Torlof.d:74","Ich will bei euch mitmachen.","Chciałbym do was dołączyć.","","","DIA_Torlof_Mitmachen_15_00","",""
"Scripts/content/Story/MISSIONS/DIA_Sld_737_Torlof.d:75","Bevor du nicht einiges auf'm Kasten hast, wird Lee dich nicht nehmen, das sag ich dir gleich.","Lee przyjmuje tylko najlepszych ludzi, możesz mi wierzyć.","","","DIA_Torlof_Mitmachen_04_01","",""
"Scripts/content/Story/MISSIONS/DIA_Sld_737_Torlof.d:76","Und bis du besser bist, solltest du dich mit Lares und seinen Jungs gut stellen.","I dopóki nie będziesz jednym z nich radzę ci dobrze żyć z Laresem i jego zgrają.","","","DIA_Torlof_Mitmachen_04_02","",""
"Scripts/content/Story/MISSIONS/DIA_Sld_737_Torlof.d:77","Wenn du nen Tipp willst, Junge: Klau was wichtiges aus dem Alten Lager oder der Alten Mine.","Jeśli chcesz dobrą radę, chłopcze: spróbuj zwinąć coś ze Starego Obozu albo Starej Kopalni.","","","DIA_Torlof_Mitmachen_04_03","",""
"Scripts/content/Story/MISSIONS/DIA_Sld_737_Torlof.d:78","Wenn die Jungs hier merken, dass du gegen Gomez bist, hast du hier keine Probleme mehr.","Kiedy chłopcy uznają, że nie przepadasz za Gomezem, przestaną ci sprawiać kłopoty.","","","DIA_Torlof_Mitmachen_04_04","",""
"Scripts/content/Story/MISSIONS/DIA_Sld_737_Torlof.d:79","Und wie stelle ich das an?","A jak mam to zrobić?","","","DIA_Torlof_Mitmachen_15_05","",""
"Scripts/content/Story/MISSIONS/DIA_Sld_737_Torlof.d:80","Du mußt ihr VERTRAUEN gewinnen - und dann haust du sie über's Ohr!","Najpierw musisz zyskać ich zaufanie, a potem będziesz mógł ich zrobić w konia!","","","DIA_Torlof_Mitmachen_04_06","",""
"Scripts/content/Story/MISSIONS/DIA_Sld_751_Soeldner.d:21","Ah, Besuch! Mach uns keinen Ärger, sonst bekommst du welchen!","Ach, gość! Nie próbuj nam tutaj sprawiać żadnych kłopotów, bo oberwiesz!","","","DIA_SLD_751_Soeldner_INTRO_INFO_01_01","",""
"Scripts/content/Story/MISSIONS/DIA_Sld_751_Soeldner.d:31","Ich geh dann mal.","Lepiej już sobie pójdę. (KONIEC)","","False","DIA_SLD_751_Soeldner_EXIT_1.description","",""
"Scripts/content/Story/MISSIONS/DIA_Sld_751_Soeldner.d:41","Ich geh' dann mal.","Lepiej już sobie pójdę.","","","DIA_SLD_751_Soeldner_EXIT_1_INFO_15_01","",""
"Scripts/content/Story/MISSIONS/DIA_Sld_751_Soeldner.d:42","Ich hoffe, wir verstehen uns.","Mam nadzieję, że się rozumiemy.","","","DIA_SLD_751_Soeldner_EXIT_1_INFO_01_02","",""
"Scripts/content/Story/MISSIONS/DIA_Sld_751_Soeldner.d:54","Ich muss weiter.","Muszę już iść. (KONIEC)","","False","DIA_SLD_751_Soeldner_EXIT_2.description","",""
"Scripts/content/Story/MISSIONS/DIA_Sld_751_Soeldner.d:67","Ich muss weiter.","Muszę już iść.","","","DIA_SLD_751_Soeldner_EXIT_2_INFO_15_01","",""
"Scripts/content/Story/MISSIONS/DIA_Sld_751_Soeldner.d:68","Dann geh mal.","No to idź!","","","DIA_SLD_751_Soeldner_EXIT_2_INFO_01_02","",""
"Scripts/content/Story/MISSIONS/DIA_Sld_751_Soeldner.d:79","Ich will mich hier nur mal umsehen.","Chcę się tylko trochę rozejrzeć.","","","DIA_SLD_751_Soeldner_UMSEHEN.description","",""
"Scripts/content/Story/MISSIONS/DIA_Sld_751_Soeldner.d:89","Ich will mich hier nur mal umsehen.","Chcę się tylko trochę rozejrzeć.","","","DIA_SLD_751_Soeldner_UMSEHEN_INFO_15_01","",""
"Scripts/content/Story/MISSIONS/DIA_Sld_751_Soeldner.d:90","Dann pass auf, dass du niemanden auf die Füße trittst.","Tylko uważaj, żebyś nie nadepnął komuś na odcisk.","","","DIA_SLD_751_Soeldner_UMSEHEN_INFO_01_02","",""
"Scripts/content/Story/MISSIONS/DIA_Sld_751_Soeldner.d:100","Ich will in die Mine.","Chcę się dostać do kopalni.","","","DIA_SLD_751_Soeldner_INMINE.description","",""
"Scripts/content/Story/MISSIONS/DIA_Sld_751_Soeldner.d:110","Ich will in die Mine.","Chcę się dostać do kopalni.","","","DIA_SLD_751_Soeldner_INMINE_INFO_15_01","",""
"Scripts/content/Story/MISSIONS/DIA_Sld_751_Soeldner.d:111","Ich glaube kaum, dass dir dass gelingen wird. Aber sprich mal mit Okyl.","Nie wróżę ci wielkich szans powodzenia, ale pogadaj z Okylem.","","","DIA_SLD_751_Soeldner_INMINE_INFO_01_02","",""
"Scripts/content/Story/MISSIONS/DIA_Sld_752_Okyl.d:20","Hey, du! Du gehörst nicht zu meinen Jungs. Was machst du hier?","Hej, ty! Nie jesteś jednym z moich ludzi! Czego tu szukasz?!","","","DIA_SLD_752_OKYL_INTRO_INFO_11_01","",""
"Scripts/content/Story/MISSIONS/DIA_Sld_752_Okyl.d:31","Ich muss weiter!","Muszę już iść. (KONIEC)","","False","DIA_SLD_752_OKYL_EXIT.description","",""
"Scripts/content/Story/MISSIONS/DIA_Sld_752_Okyl.d:41","Ich muss weiter!","Muszę już iść.","","","DIA_SLD_752_OKYL_EXIT_INFO_15_01","",""
"Scripts/content/Story/MISSIONS/DIA_Sld_752_Okyl.d:42","Dann lass mich in Ruhe.","To nie zawracaj mi głowy!","","","DIA_SLD_752_OKYL_EXIT_INFO_11_02","",""
"Scripts/content/Story/MISSIONS/DIA_Sld_752_Okyl.d:53","Ich seh mich hier nur mal um.","Tylko się tu trochę rozejrzę.","","","DIA_SLD_752_OKYL_UMSEHEN.description","",""
"Scripts/content/Story/MISSIONS/DIA_Sld_752_Okyl.d:63","Ich seh' mich hier nur mal um.","Tylko się tu trochę rozejrzę.","","","DIA_SLD_752_OKYL_UMSEHEN_INFO_15_01","",""
"Scripts/content/Story/MISSIONS/DIA_Sld_752_Okyl.d:64","Dann pass bloß auf, dass du hier im Kessel keinen Mist baust, sonst bist du schneller im Grab, als dir lieb ist.","Tylko nie próbuj rozrabiać w Kotle, bo trafisz do piachu szybciej niż myślisz.","","","DIA_SLD_752_OKYL_UMSEHEN_INFO_11_02","",""
"Scripts/content/Story/MISSIONS/DIA_Sld_752_Okyl.d:74","Wer bist du?","Kim jesteś?","","","DIA_SLD_752_OKYL_WERBISTDU.description","",""
"Scripts/content/Story/MISSIONS/DIA_Sld_752_Okyl.d:84","Wer bist du?","Kim jesteś?","","","DIA_SLD_752_OKYL_WERBISTDU_INFO_15_01","",""
"Scripts/content/Story/MISSIONS/DIA_Sld_752_Okyl.d:85","Ich bin Okyl. Ich hab' das Kommando über den Kessel.","Jestem Okyl. To ja rozkazuję w Kotle.","","","DIA_SLD_752_OKYL_WERBISTDU_INFO_11_02","",""
"Scripts/content/Story/MISSIONS/DIA_Sld_752_Okyl.d:95","Ich wollte nur mal in die Mine.","Chciałem rzucić okiem na kopalnię.","","","DIA_SLD_752_OKYL_INMINE.description","",""
"Scripts/content/Story/MISSIONS/DIA_Sld_752_Okyl.d:105","Ich wollte nur mal in die Mine.","Chciałem rzucić okiem na kopalnię.","","","DIA_SLD_752_OKYL_INMINE_INFO_15_01","",""
"Scripts/content/Story/MISSIONS/DIA_Sld_752_Okyl.d:106","Ach so, du wolltest nur mal kurz in die Mine.","Och, chciałeś sobie zrobić mały spacer po kopalni, co?","","","DIA_SLD_752_OKYL_INMINE_INFO_11_02","",""
"Scripts/content/Story/MISSIONS/DIA_Sld_752_Okyl.d:107","Ich glaube, du weisst nicht, wie das hier läuft. Keiner kommt in die Mine ohne meine Erlaubnis.","Widzę, że nie masz pojęcia co się tutaj dzieje. Nikt nie może wejść do kopalni bez mojego pozwolenia.","","","DIA_SLD_752_OKYL_INMINE_INFO_11_03","",""
"Scripts/content/Story/MISSIONS/DIA_Sld_752_Okyl.d:108","Schreib dir das hinter die Ohren. Wer ohne meine Erlaubnis die Mine oder das Torhaus betritt, ist ein toter Mann!","I zapamiętaj sobie: ktokolwiek wejdzie do stróżówki bez mojej zgody, będzie martwym człowiekiem.","","","DIA_SLD_752_OKYL_INMINE_INFO_11_04","",""
"Scripts/content/Story/MISSIONS/DIA_Sld_752_Okyl.d:118","Krieg ich die Erlaubnis?","Udzielisz mi powodzenia?","","","DIA_SLD_752_OKYL_PERMIT.description","",""
"Scripts/content/Story/MISSIONS/DIA_Sld_752_Okyl.d:131","Krieg ich die Erlaubnis?","Udzielisz mi powodzenia?","","","DIA_SLD_752_OKYL_PERMIT_INFO_15_01","",""
"Scripts/content/Story/MISSIONS/DIA_Sld_752_Okyl.d:132","Ich kenn' dich nicht einmal. Wieso sollte ich dir erlauben in die Mine zu gehen.","Nawet cię nie znam. Dlaczego miałbym cię wpuścić do kopalni?","","","DIA_SLD_752_OKYL_PERMIT_INFO_11_02","",""
"Scripts/content/Story/MISSIONS/DIA_Sld_752_Okyl.d:133","Jetzt verschwinde, ich hab' zu tun.","A teraz spadaj stąd, mam dużo roboty.","","","DIA_SLD_752_OKYL_PERMIT_INFO_11_03","",""
"Scripts/content/Story/MISSIONS/DIA_Sld_753_Baloro.d:26","Hey, du! Was ist los?","Hej, ty! Co się dzieje?","","","DIA_SLD_753_Baloro_Intro_08_01","",""
"Scripts/content/Story/MISSIONS/DIA_Sld_753_Baloro.d:36","Hi!","Cześć!","","","DIA_SLD_753_Baloro_Wasmeinstdu.description","",""
"Scripts/content/Story/MISSIONS/DIA_Sld_753_Baloro.d:46","Hi!","Cześć!","","","DIA_SLD_753_Baloro_Wasmeinstdu_Info_15_01","",""
"Scripts/content/Story/MISSIONS/DIA_Sld_753_Baloro.d:47","Du läufst hier rum, als würdest du was suchen!","Kręcisz się tutaj, jakbyś czegoś szukał!","","","DIA_SLD_753_Baloro_Wasmeinstdu_Info_08_02","",""
"Scripts/content/Story/MISSIONS/DIA_Sld_753_Baloro.d:48","Tatsächlich? Mmh, stimmt vielleicht. Wieso?","Czyżby? Mmh, może masz rację. A dlaczego?","","","DIA_SLD_753_Baloro_Wasmeinstdu_Info_15_03","",""
"Scripts/content/Story/MISSIONS/DIA_Sld_753_Baloro.d:49","Wunderbar! Frag mich! Ich kann dir vielleicht weiterhelfen!","Świetnie! Zapytaj MNIE! Może mogę ci jakoś pomóc!","","","DIA_SLD_753_Baloro_Wasmeinstdu_Info_08_04","",""
"Scripts/content/Story/MISSIONS/DIA_Sld_753_Baloro.d:59","Woran hast du dabei gedacht?","Co masz na myśli?","","","DIA_SLD_753_Baloro_Worumgehts.description","",""
"Scripts/content/Story/MISSIONS/DIA_Sld_753_Baloro.d:72","Woran hast du dabei gedacht?","Co masz na myśli?","","","DIA_SLD_753_Baloro_Worumgehts_Info_15_01","",""
"Scripts/content/Story/MISSIONS/DIA_Sld_753_Baloro.d:73","Was brauchst du denn?","A czego potrzebujesz?","","","DIA_SLD_753_Baloro_Worumgehts_Info_08_01","",""
"Scripts/content/Story/MISSIONS/DIA_Sld_753_Baloro.d:74","Wie wär's mit einem guten Schwert, einer starken Rüstung oder dem Zugang zur Mine?","Na początek wystarczy dobry miecz, gruby pancerz i wstęp do kopalni.","","","DIA_SLD_753_Baloro_Worumgehts_Info_15_02","",""
"Scripts/content/Story/MISSIONS/DIA_Sld_753_Baloro.d:75","Ach was! Das ist alles noch viel zu schlapp!","Phi! To małe piwo!","","","DIA_SLD_753_Baloro_Worumgehts_Info_08_02","",""
"Scripts/content/Story/MISSIONS/DIA_Sld_753_Baloro.d:76","Ich hab' dir was anzubieten, da werden dir die Augen übergehen! Ich kann dir eine Waffe besorgen, mit der du jeden Gegner besiegst!","Mam tu coś takiego, że oczy ci wyjdą na wierzch. Mogę ci dać broń, którą pokonasz każdego wroga!","","","DIA_SLD_753_Baloro_Worumgehts_Info_08_03","",""
"Scripts/content/Story/MISSIONS/DIA_Sld_753_Baloro.d:77","Das einzige, was du tun musst, um sie zu bekommen, ist mir einen kleinen Gefallen zu erweisen. Und sie gehört dir! Was sagst du?","W zamian, wystarczy, że wyświadczysz mi drobną przysługę. To wszystko! Co ty na to?","","","DIA_SLD_753_Baloro_Worumgehts_Info_08_04","",""
"Scripts/content/Story/MISSIONS/DIA_Sld_753_Baloro.d:80","Will ich unbedingt haben","Muszę to mieć.","","","DIA_SLD_753_Baloro_Worumgehts.DIA_SLD_753_Baloro_Worumgehts_ja","Info_AddChoice",""
"Scripts/content/Story/MISSIONS/DIA_Sld_753_Baloro.d:81","Ich glaub ihm kein Wort","Nie wierzę mu ani trochę.","","","DIA_SLD_753_Baloro_Worumgehts_Info.DIA_SLD_753_Baloro_Worumgehts.DIA_SLD_753_Baloro_Exit_Info","Info_AddChoice",""
"Scripts/content/Story/MISSIONS/DIA_Sld_753_Baloro.d:86","Was müsste ich denn dafür tun?","Co miałbym dla ciebie zrobić?","","","DIA_SLD_753_Baloro_Worumgehts_ja_15_05","",""
"Scripts/content/Story/MISSIONS/DIA_Sld_753_Baloro.d:87","Ganz einfach!","To proste!","","","DIA_SLD_753_Baloro_Worumgehts_ja_08_03","",""
"Scripts/content/Story/MISSIONS/DIA_Sld_753_Baloro.d:88","Bring mir 5 Äpfel, 2 Flaschen Reisschnaps, 5 Flaschen Bier, 3 Laibe Brot, 2 Käsestücke und 2 Weintraubenreben und wir kommen ins Geschäft!","Przynieś mi 5 jabłek, 2 butelki ryżówki, 5 butelek piwa, 3 bochenki chleba, 2 kawałki sera i 2 kiście winogron. ","","","DIA_SLD_753_Baloro_Worumgehts_ja_08_04","",""
"Scripts/content/Story/MISSIONS/DIA_Sld_753_Baloro.d:89","Glaub mir, du wirst es nicht bereuen. Wie ich schon sagte: Wirklich jeden Gegner machst du damit platt!","Możesz mi wierzyć: nie pożałujesz! Jak już mówiłem - tą bronią pokonasz każdego wroga!","","","DIA_SLD_753_Baloro_Worumgehts_ja_08_05","",""
"Scripts/content/Story/MISSIONS/DIA_Sld_753_Baloro.d:92","Muss ich haben","Muszę to mieć.","","","DIA_SLD_753_Baloro_Worumgehts.DIA_SLD_753_Baloro_Worumgehts_jaklar","Info_AddChoice",""
"Scripts/content/Story/MISSIONS/DIA_Sld_753_Baloro.d:93","Der Typ will mich doch verarschen!","Gość próbuje zrobić mnie w konia.","","","DIA_SLD_753_Baloro_Worumgehts_ja.DIA_SLD_753_Baloro_Worumgehts.DIA_SLD_753_Baloro_Exit_Info","Info_AddChoice",""
"Scripts/content/Story/MISSIONS/DIA_Sld_753_Baloro.d:98","Na gut! Ich werde sehen, was ich tun kann!","Dobrze! Zobaczę co się da zrobić!","","","DIA_SLD_753_Baloro_Worumgehts_ja_15_06","",""
"Scripts/content/Story/MISSIONS/DIA_Sld_753_Baloro.d:99","Sehr schön! Aber beeil dich!","To świetnie! Tylko się pospiesz.","","","DIA_SLD_753_Baloro_Worumgehts_ja_08_06","",""
"Scripts/content/Story/MISSIONS/DIA_Sld_753_Baloro.d:100","Vergiss es nicht: 5 Äpfel, 2 Flaschen Reisschnaps, 5 Flaschen Bier, 3 Laibe Brot, 2 Käsestücke und 2 Weintraubenreben! Klar?","Tylko nie zapomnij: 5 jabłek, 2 butelki ryżówki, 5 butelek piwa, 3 bochenki chleba, 2 kawałki sera i 2 kiście winogron! Jasne?","","","DIA_SLD_753_Baloro_Worumgehts_ja_08_07","",""
"Scripts/content/Story/MISSIONS/DIA_Sld_753_Baloro.d:101","Klar!","Jak słońce.","","","DIA_SLD_753_Baloro_Worumgehts_ja_15_07","",""
"Scripts/content/Story/MISSIONS/DIA_Sld_753_Baloro.d:122","Ich konnte deinen Kram noch nicht besorgen!","Nie udało mi się jeszcze zebrać wszystkich potrzebnych ci rzeczy.","","","DIA_SLD_753_Baloro_habsnichtdabei.description","",""
"Scripts/content/Story/MISSIONS/DIA_Sld_753_Baloro.d:135","Ich konnte deinen Kram nicht besorgen! Was war das noch mal? Es war so viel Verschiedenes!","Nie udało mi się jeszcze zebrać wszystkich potrzebnych ci rzeczy. Mógłbyś mi przypomnieć, co to miało być?","","","DIA_SLD_753_Baloro_habsnichtdabei_Info_15_01","",""
"Scripts/content/Story/MISSIONS/DIA_Sld_753_Baloro.d:136","Na schön! Noch mal zum Mitschreiben. Also, ich will von dir ...","Jasne. Słuchaj uważnie. Chcę, żebyś mi przyniósł...","","","DIA_SLD_753_Baloro_habsnichtdabei_Info_08_01","",""
"Scripts/content/Story/MISSIONS/DIA_Sld_753_Baloro.d:137","5 Äpfel, 2 Flaschen Reisschnaps, 5 Flaschen Bier, 3 Laib Brot, 2 Käsestücke und 2 Weintraubenreben! Hast du's jetzt?","5 jabłek, 2 butelki ryżówki, 5 butelek piwa, 3 bochenki chleba, 2 kawałki sera i 2 kiście winogron! Zapamiętasz tym razem?","","","DIA_SLD_753_Baloro_habsnichtdabei_Info_08_02","",""
"Scripts/content/Story/MISSIONS/DIA_Sld_753_Baloro.d:138","Ach ja! Sicher! Ich beeil mich!","Oczywiście! Niedługo wrócę!","","","DIA_SLD_753_Baloro_habsnichtdabei_Info_15_02","",""
"Scripts/content/Story/MISSIONS/DIA_Sld_753_Baloro.d:150","Ich hab' den ganzen Kram dabei!","Mam już wszystko!","","","DIA_SLD_753_Baloro_habsdabei.description","",""
"Scripts/content/Story/MISSIONS/DIA_Sld_753_Baloro.d:171","Ich hab' den ganzen Kram dabei! Jetzt machen wir den Deal mit der ultimativen Waffe, ja?","Mam już wszystko! teraz porozmawiajmy o tej niesamowitej broni, tak?","","","DIA_SLD_753_Baloro_habsdabei_Info_15_01","",""
"Scripts/content/Story/MISSIONS/DIA_Sld_753_Baloro.d:172","Dann zeig doch erst mal her!","Najpierw pokaż mi, co dla mnie masz.","","","DIA_SLD_753_Baloro_habsdabei_Info_08_01","",""
"Scripts/content/Story/MISSIONS/DIA_Sld_753_Baloro.d:191","Hier hast du!","Proszę bardzo!","","","DIA_SLD_753_Baloro_habsdabei_Info_15_02","",""
"Scripts/content/Story/MISSIONS/DIA_Sld_753_Baloro.d:192","Ja, klasse!","Nooo... W porządku!","","","DIA_SLD_753_Baloro_habsdabei_Info_08_02","",""
"Scripts/content/Story/MISSIONS/DIA_Sld_753_Baloro.d:193","So, nun her mit dem Ding!!","A teraz broń!","","","DIA_SLD_753_Baloro_habsdabei_Info_15_03","",""
"Scripts/content/Story/MISSIONS/DIA_Sld_753_Baloro.d:194","Vergiss es!","Zapomnij o tym!","","","DIA_SLD_753_Baloro_habsdabei_Info_08_03","",""
"Scripts/content/Story/MISSIONS/DIA_Sld_753_Baloro.d:195","Was?","Co?!","","","DIA_SLD_753_Baloro_habsdabei_Info_15_04","",""
"Scripts/content/Story/MISSIONS/DIA_Sld_753_Baloro.d:196","Glaubst du echt, da kommt jetzt noch was? Ich meine, wer so dämlich ist, sich auf so einen Quatsch einzulassen, der hat's auch nicht besser verdient!!","Naprawdę myślałeś, że dostaniesz coś w zamian? Jeśli rzeczywiście jesteś taki głupi, to aż ci współczuję!","","","DIA_SLD_753_Baloro_habsdabei_Info_08_04","",""
"Scripts/content/Story/MISSIONS/DIA_Sld_753_Baloro.d:197","Wundert mich, dass du überhaupt noch lebst! Wenn du so leichtgläubig hier in der Gegend rumrennst, machst du's nicht mehr lange!","Dziwię się, że przeżyłeś tak długo! Jeśli będziesz wierzył we wszystko co ci powiedzą tutejsi ludzie, nie pociągniesz długo!","","","DIA_SLD_753_Baloro_habsdabei_Info_08_05","",""
"Scripts/content/Story/MISSIONS/DIA_Sld_753_Baloro.d:198","Macht aber nichts! Jetzt haben wir Jungs wenigstens genügend Fressalien zum Feiern! Schönen Dank auch! Und vielleicht sehen wir uns ja noch mal. He he he!","A zresztą - nieważne! Teraz mamy dość jedzenia na małą ucztę. Wielkie dzięki! Może się jeszcze spotkamy! He he he!","","","DIA_SLD_753_Baloro_habsdabei_Info_08_06","",""
"Scripts/content/Story/MISSIONS/DIA_Sld_753_Baloro.d:216","Hey, Mann! Das kannst du mit mir nicht machen!","Hej! Nie dam się robić w konia!","","","DIA_SLD_753_Baloro_letztes_Wort.description","",""
"Scripts/content/Story/MISSIONS/DIA_Sld_753_Baloro.d:229","Hey, Mann! Das kannst du mit mir nicht machen!","Hej! Nie dam się robić w konia!","","","DIA_SLD_753_Baloro_letztes_Wort_Info_15_01","",""
"Scripts/content/Story/MISSIONS/DIA_Sld_753_Baloro.d:230","Was willst du denn noch! Verschwinde! Geh jemand anders auf die Nerven, sonst setzt's was! Kapiert?","Czego znowu chcesz! Uciekaj stąd! Powkurzaj sobie kogoś innego, co? No już - spadaj!","","","DIA_SLD_753_Baloro_letztes_Wort_Info_08_01","",""
"Scripts/content/Story/MISSIONS/DIA_Sld_753_Baloro.d:244","Ich glaube, ich muss dir jetzt leider die Fresse polieren!","Widzę, że będę ci musiał dać nauczkę.","","","DIA_SLD_753_Baloro_SC_wills_wissen.description","",""
"Scripts/content/Story/MISSIONS/DIA_Sld_753_Baloro.d:265","Ich glaube, ich muss dir jetzt leider die Fresse polieren!","Widzę, że będę ci musiał dać nauczkę.","","","DIA_SLD_753_Baloro_SC_wills_wissen_Info_15_01","",""
"Scripts/content/Story/MISSIONS/DIA_Sld_753_Baloro.d:266","Wir haben unseren Spaß gehabt! Jetzt zieh´ Leine, Mann!","No już - pośmialiśmy się trochę, a teraz spadaj stąd! Sio!","","","DIA_SLD_753_Baloro_SC_wills_wissen_Info_08_01","",""
"Scripts/content/Story/MISSIONS/DIA_Sld_753_Baloro.d:267","Ich glaube, du hast mich nicht verstanden!","Chyba mnie nie zrozumiałeś!","","","DIA_SLD_753_Baloro_SC_wills_wissen_Info_15_02","",""
"Scripts/content/Story/MISSIONS/DIA_Sld_753_Baloro.d:268","Na gut! Du willst es ja nicht anders! Ich hab' dich gewarnt!","No dobra! Sam się o to prosiłeś! Ostrzegałem cię!","","","DIA_SLD_753_Baloro_SC_wills_wissen_Info_08_02","",""
"Scripts/content/Story/MISSIONS/DIA_Sld_753_Baloro.d:281","Ich muss weiter!","Muszę już iść.","","","DIA_SLD_753_Baloro_Exit.description","",""
"Scripts/content/Story/MISSIONS/DIA_Sld_753_Baloro.d:296","Nee, nee! Lass mal! Kein Interesse!","Nie, nie! Nieważne! Nie jestem zainteresowany!","","","DIA_SLD_753_Baloro_Exit_Info_15_01","",""
"Scripts/content/Story/MISSIONS/DIA_Sld_753_Baloro.d:297","Na gut! Wie du willst! Du hattest deine Chance!","Cóż, jak sobie życzysz! Marnujesz niepowtarzalną okazję!","","","DIA_SLD_753_Baloro_Exit_Info_08_02","",""
"Scripts/content/Story/MISSIONS/DIA_Sld_753_Baloro.d:303","Tut mir Leid! Ich hab' leider keine Zeit für ein Pläuschchen!","Przykro mi, ale nie mam czasu na pogawędki!","","","DIA_SLD_753_Baloro_Exit_Info_15_03","",""
"Scripts/content/Story/MISSIONS/DIA_Sld_753_Baloro.d:304","Oh, haben wir es eilig! Na dann! Wir sehen uns!","Och, jesteś zajęty! Porozmawiamy innym razem!","","","DIA_SLD_753_Baloro_Exit_Info_08_04","",""
"Scripts/content/Story/MISSIONS/DIA_Sld_753_Baloro.d:317","Ich hab's mir überlegt. Ich möchte dein Angebot doch annehmen.","Zmieniłem zdanie. Porozmawiajmy jeszcze raz o twojej propozycji.","","","DIA_SLD_753_Baloro_Angebotdochannehmen.description","",""
"Scripts/content/Story/MISSIONS/DIA_Sld_753_Baloro.d:330","Ich hab's mir überlegt. Ich möchte dein Angebot doch annehmen.","Zmieniłem zdanie. Porozmawiajmy jeszcze raz o twojej propozycji.","","","DIA_SLD_753_Baloro_Angebotdochannehmen_Info_15_01","",""
"Scripts/content/Story/MISSIONS/DIA_Sld_753_Baloro.d:331","Dafür ist es jetzt zu spät! Du hattest deine Chance!","Teraz jest już za późno. Miałeś swoją szansę!","","","DIA_SLD_753_Baloro_Angebotdochannehmen_Info_08_01","",""
"Scripts/content/Story/MISSIONS/DIA_Sld_760_Soeldner.d:21","Was scharwenzelst du hier rum? Ich sag dir eins: Finger weg von der Tür.","Co się tak kręcisz? Dobrze ci radzę: łapy z dala od tych drzwi!","","","DIA_SLD_760_Soeldner_INTRO_INFO_13_01","",""
"Scripts/content/Story/MISSIONS/DIA_Sld_760_Soeldner.d:31","Ich geh dann mal.","Lepiej już sobie pójdę. (KONIEC)","","False","DIA_SLD_760_Soeldner_EXIT_1.description","",""
"Scripts/content/Story/MISSIONS/DIA_Sld_760_Soeldner.d:41","Ich geh' dann mal.","Lepiej już sobie pójdę.","","","DIA_SLD_760_Soeldner_EXIT_1_INFO_15_01","",""
"Scripts/content/Story/MISSIONS/DIA_Sld_760_Soeldner.d:42","Ich hoffe, wir verstehen uns.","Mam nadzieję, że się rozumiemy.","","","DIA_SLD_760_Soeldner_EXIT_1_INFO_13_02","",""
"Scripts/content/Story/MISSIONS/DIA_Sld_760_Soeldner.d:54","Ich muss weiter.","Muszę już iść. (KONIEC)","","False","DIA_SLD_760_Soeldner_EXIT_2.description","",""
"Scripts/content/Story/MISSIONS/DIA_Sld_760_Soeldner.d:67","Ich muss weiter.","Muszę już iść.","","","DIA_SLD_760_Soeldner_EXIT_2_INFO_15_01","",""
"Scripts/content/Story/MISSIONS/DIA_Sld_760_Soeldner.d:68","Dann geh mal.","No to idź!","","","DIA_SLD_760_Soeldner_EXIT_2_INFO_13_02","",""
"Scripts/content/Story/MISSIONS/DIA_Sld_760_Soeldner.d:79","Ich will mich hier nur mal umsehen.","Chciałbym się tutaj trochę rozejrzeć.","","","DIA_SLD_760_Soeldner_UMSEHEN.description","",""
"Scripts/content/Story/MISSIONS/DIA_Sld_760_Soeldner.d:89","Ich will mich hier nur mal umsehen.","Chciałbym się tutaj trochę rozejrzeć.","","","DIA_SLD_760_Soeldner_UMSEHEN_INFO_15_01","",""
"Scripts/content/Story/MISSIONS/DIA_Sld_760_Soeldner.d:90","Dann lass deine Finger bei dir, sonst werde ich sie dir anschneiden.","Tylko trzymaj łapy przy sobie, albo ci je odrąbię.","","","DIA_SLD_760_Soeldner_UMSEHEN_INFO_13_02","",""
"Scripts/content/Story/MISSIONS/DIA_Sld_760_Soeldner.d:100","Ich will in die Mine.","Chciałbym się dostać do kopalni.","","","DIA_SLD_760_Soeldner_INMINE.description","",""
"Scripts/content/Story/MISSIONS/DIA_Sld_760_Soeldner.d:110","Ich will in die Mine.","Chciałbym się dostać do kopalni.","","","DIA_SLD_760_Soeldner_INMINE_INFO_15_01","",""
"Scripts/content/Story/MISSIONS/DIA_Sld_760_Soeldner.d:111","In die Mine? Ich lass' hier gar keinen rein ohne die ausdrückliche Erlaubnis von Okyl.","Do kopalni? Nie wpuszczę nikogo, kto nie otrzymał upoważnienia od Okyla.","","","DIA_SLD_760_Soeldner_INMINE_INFO_13_02","",""
"Scripts/content/Story/MISSIONS/DIA_Sld_760_Soeldner.d:115","Wer ist dieser Okyl?","Kim jest Okyl?","","","DIA_SLD_760_Soeldner_INMINE_INFO_15_03","",""
"Scripts/content/Story/MISSIONS/DIA_Sld_760_Soeldner.d:119","Okyl, ist das nicht dieser Typ mit der dicken Axt und der schweren Rüstung?","Okyl? Czy to nie ten gość w ciężkiej zbroi i z wielkim toporem?","","","DIA_SLD_760_Soeldner_INMINE_INFO_15_08","",""
"Scripts/content/Story/MISSIONS/DIA_Sld_760_Soeldner.d:122","Pass auf, was du sagst und wie du von unserem Anführer sprichst.","Uważaj co mówisz o naszym szefie!","","","DIA_SLD_760_Soeldner_INMINE_INFO_13_04","",""
"Scripts/content/Story/MISSIONS/DIA_Sld_760_Soeldner.d:123","Ich werde dir mal was über Okyl erzählen, er ist der härteste Hund, den wir hier haben. Er ist soger mal in die Burg des Alten Lagers geschlichen und hat den Erzbaronen eine Ladung Erz unterm Hintern weggeklaut.","Powiem ci coś o Okylu: to najtwardszy gość w całym Obozie. Kiedyś nawet wśliznął się do zamku w Starym Obozie i podwędził Magnatom spory ładunek rudy.","","","DIA_SLD_760_Soeldner_INMINE_INFO_13_05","",""
"Scripts/content/Story/MISSIONS/DIA_Sld_760_Soeldner.d:124","Also ein wenig mehr Respekt, wenn ich bitten darf.","Więc na przyszłość radzę ci okazywać mu trochę więcej szacunku.","","","DIA_SLD_760_Soeldner_INMINE_INFO_13_06","",""
"Scripts/content/Story/MISSIONS/DIA_Sld_760_Soeldner.d:125","Ich weiß zwar nicht, wo er gerade ist, aber wenn du ihm begegnest. solltest du das immer im Hinterkopf haben.","Nie wiem, gdzie jest teraz, ale jakbyś go spotkał, lepiej pamiętaj o tym, co ci dziś powiedziałem.","","","DIA_SLD_760_Soeldner_INMINE_INFO_13_07","",""
"Scripts/content/Story/MISSIONS/DIA_Sld_761_Soeldner.d:21","Was machst du hier an der Mine?","Co robisz tutaj, w kopalni?","","","DIA_SLD_761_Soeldner_INTRO_INFO_03_01","",""
"Scripts/content/Story/MISSIONS/DIA_Sld_761_Soeldner.d:31","Ich hab' noch was zu erledigen.","Mam jeszcze kilka rzeczy do załatwienia. (KONIEC)","","False","DIA_SLD_761_Soeldner_EXIT_1.description","",""
"Scripts/content/Story/MISSIONS/DIA_Sld_761_Soeldner.d:41","Ich hab' noch was zu erledigen.","Mam jeszcze kilka rzeczy do załatwienia.","","","DIA_SLD_761_Soeldner_EXIT_1_INFO_15_01","",""
"Scripts/content/Story/MISSIONS/DIA_Sld_761_Soeldner.d:42","Das denke ich auch.","Tak też myślałem.","","","DIA_SLD_761_Soeldner_EXIT_1_INFO_03_02","",""
"Scripts/content/Story/MISSIONS/DIA_Sld_761_Soeldner.d:54","Ich geh dann mal.","Najlepiej będzie, jak już sobie pójdę. (KONIEC)","","False","DIA_SLD_761_Soeldner_EXIT_2.description","",""
"Scripts/content/Story/MISSIONS/DIA_Sld_761_Soeldner.d:67","Ich geh' dann mal.","Najlepiej będzie, jak już sobie pójdę.","","","DIA_SLD_761_Soeldner_EXIT_2_INFO_15_01","",""
"Scripts/content/Story/MISSIONS/DIA_Sld_761_Soeldner.d:68","Okay.","W porządku.","","","DIA_SLD_761_Soeldner_EXIT_2_INFO_03_02","",""
"Scripts/content/Story/MISSIONS/DIA_Sld_761_Soeldner.d:79","Ich wollte mir nur mal das Camp ansehen.","Chciałem się trochę rozejrzeć po Obozie.","","","DIA_SLD_761_Soeldner_UMSEHEN.description","",""
"Scripts/content/Story/MISSIONS/DIA_Sld_761_Soeldner.d:89","Ich wollte mir nur mal das Camp ansehen.","Chciałem się trochę rozejrzeć po Obozie.","","","DIA_SLD_761_Soeldner_UMSEHEN_INFO_15_01","",""
"Scripts/content/Story/MISSIONS/DIA_Sld_761_Soeldner.d:90","Dann bist du hier wohl falsch, hier ist der Mineneingang, und der ist tabu für dich.","To trafiłeś w niewłaściwe miejsce. To jest wejście do kopalni. Nie możesz się tutaj kręcić.","","","DIA_SLD_761_Soeldner_UMSEHEN_INFO_03_02","",""
"Scripts/content/Story/MISSIONS/DIA_Sld_761_Soeldner.d:100","Ich wollte mir nur mal die Mine ansehen.","Chciałem tylko obejrzeć kopalnię.","","","DIA_SLD_761_Soeldner_INMINE.description","",""
"Scripts/content/Story/MISSIONS/DIA_Sld_761_Soeldner.d:110","Ich wollte mir nur mal die Mine ansehen.","Chciałem tylko obejrzeć kopalnię.","","","DIA_SLD_761_Soeldner_INMINE_INFO_15_01","",""
"Scripts/content/Story/MISSIONS/DIA_Sld_761_Soeldner.d:111","Du siehst doch, dass die Mine abgeschlossen ist, also hier gibt´s nichts zu sehen.","Jak widzisz, kopalnia jest zamknięta. Nie ma tu nic ciekawego do oglądania.","","","DIA_SLD_761_Soeldner_INMINE_INFO_03_02","",""
"Scripts/content/Story/MISSIONS/DIA_Sld_761_Soeldner.d:121","Kann man da gar nichts machen?","Może się jakoś dogadamy?","","","DIA_SLD_761_Soeldner_Bribe.description","",""
"Scripts/content/Story/MISSIONS/DIA_Sld_761_Soeldner.d:134","Kann man da gar nichts machen?","Może się jakoś dogadamy?","","","DIA_SLD_761_Soeldner_Bribe_INFO_15_01","",""
"Scripts/content/Story/MISSIONS/DIA_Sld_761_Soeldner.d:135","Was sollte man da machen können?","A o czym tu niby gadać?","","","DIA_SLD_761_Soeldner_Bribe_INFO_03_02","",""
"Scripts/content/Story/MISSIONS/DIA_Sld_761_Soeldner.d:136","Moment mal, wenn du versucht, mich zu bestechen, dann bist du hier an der falschen Adresse.","Sekundę, jeśli próbujesz mnie przekupić, to trafiłeś na niewłaściwego człowieka.","","","DIA_SLD_761_Soeldner_Bribe_INFO_03_03","",""
"Scripts/content/Story/MISSIONS/DIA_Sld_761_Soeldner.d:137","Nein, ich wollte niemanden bestechen, ich dachte nur..","Nie próbuję nikogo przekupić. Pomyślałem tylko...","","","DIA_SLD_761_Soeldner_Bribe_INFO_15_04","",""
"Scripts/content/Story/MISSIONS/DIA_Sld_761_Soeldner.d:138","Ich glaub', ich geh' dann besser.","Lepiej już sobie pójdę.","","","DIA_SLD_761_Soeldner_Bribe_INFO_15_05","",""
